sheet,cell,names,label,dv_type,dv_op,dv_formula,status,implemented_in
Income Details,AM148,,,whole,,0,TO_IMPLEMENT,
Income Details,AM149,,,whole,,0,TO_IMPLEMENT,
Income Details,AM150,,,whole,,0,TO_IMPLEMENT,
Income Details,AB148,IncD.Section80EE,5j,whole,,0,TO_IMPLEMENT,
Income Details,AC148,,5j,whole,,0,TO_IMPLEMENT,
Income Details,AD148,,5j,whole,,0,TO_IMPLEMENT,
Income Details,AE148,,5j,whole,,0,TO_IMPLEMENT,
Income Details,AF148,,5j,whole,,0,TO_IMPLEMENT,
Income Details,AG148,,5j,whole,,0,TO_IMPLEMENT,
Income Details,AH148,,5j,whole,,0,TO_IMPLEMENT,
Income Details,AI148,,5j,whole,,0,TO_IMPLEMENT,
Income Details,AJ148,,5j,whole,,0,TO_IMPLEMENT,
Income Details,AK148,,,whole,,0,TO_IMPLEMENT,
Income Details,AL148,,,whole,,0,TO_IMPLEMENT,
Income Details,E7,sheet1.FirstName,First Name,textLength,lessThanOrEqual,25,TO_IMPLEMENT,
Income Details,F7,,,textLength,lessThanOrEqual,25,TO_IMPLEMENT,
Income Details,G7,,,textLength,lessThanOrEqual,25,TO_IMPLEMENT,
Income Details,H7,,,textLength,lessThanOrEqual,25,TO_IMPLEMENT,
Income Details,I7,,,textLength,lessThanOrEqual,25,TO_IMPLEMENT,
Income Details,J7,,"[For individuals being a RESIDENT (OTHER THAN NOT ORDINARILY RESIDENT) having total income up to Rs.50 lakh and having Income from Salaries, two house propertie",textLength,lessThanOrEqual,25,TO_IMPLEMENT,
Income Details,K7,,,textLength,lessThanOrEqual,25,TO_IMPLEMENT,
Income Details,L7,,,textLength,lessThanOrEqual,25,TO_IMPLEMENT,
Income Details,M7,,,textLength,lessThanOrEqual,25,TO_IMPLEMENT,
Income Details,N7,,,textLength,lessThanOrEqual,25,TO_IMPLEMENT,
Income Details,Z18,sheet1.ResidenceName,Name of Premises / Building / Village,textLength,lessThanOrEqual,50,TO_IMPLEMENT,
Income Details,AO176,IncD.TotalTaxPayable,D1,whole,,0,TO_IMPLEMENT,
Income Details,AO178,IncD.TaxPayableOnRebate,D3,whole,,0,TO_IMPLEMENT,
Income Details,AO179,IncD.SurchargeOnTaxPayable,,whole,,0,TO_IMPLEMENT,
Income Details,AO177,IncD.Rebate87A,D2,whole,,0,TO_IMPLEMENT,
Income Details,AP177,,D2,whole,,0,TO_IMPLEMENT,
Income Details,AQ177,,D2,whole,,0,TO_IMPLEMENT,
Income Details,AR177,,D2,whole,,0,TO_IMPLEMENT,
Income Details,AS177,,D2,whole,,0,TO_IMPLEMENT,
Income Details,AT177,,D2,whole,,0,TO_IMPLEMENT,
Income Details,AU177,,D2,whole,,0,TO_IMPLEMENT,
Income Details,AV177,,D2,whole,,0,TO_IMPLEMENT,
Income Details,AW177,,D2,whole,,0,TO_IMPLEMENT,
Income Details,AB155,IncD.Section80GGC,5p,whole,,0,TO_IMPLEMENT,
Income Details,AC155,,5p,whole,,0,TO_IMPLEMENT,
Income Details,AD155,,5p,whole,,0,TO_IMPLEMENT,
Income Details,AE155,,5p,whole,,0,TO_IMPLEMENT,
Income Details,AF155,,5p,whole,,0,TO_IMPLEMENT,
Income Details,AG155,,5p,whole,,0,TO_IMPLEMENT,
Income Details,AH155,,5p,whole,,0,TO_IMPLEMENT,
Income Details,AI155,,5p,whole,,0,TO_IMPLEMENT,
Income Details,AJ155,,5p,whole,,0,TO_IMPLEMENT,
Income Details,AK155,,,whole,,0,TO_IMPLEMENT,
Income Details,AL155,,,whole,,0,TO_IMPLEMENT,
Income Details,AM155,,,whole,,0,TO_IMPLEMENT,
Income Details,AB154,IncD.Section80GGA,5o,whole,,0,TO_IMPLEMENT,
Income Details,AC154,,5o,whole,,0,TO_IMPLEMENT,
Income Details,AD154,,5o,whole,,0,TO_IMPLEMENT,
Income Details,AE154,,5o,whole,,0,TO_IMPLEMENT,
Income Details,AF154,,5o,whole,,0,TO_IMPLEMENT,
Income Details,AG154,,5o,whole,,0,TO_IMPLEMENT,
Income Details,AH154,,5o,whole,,0,TO_IMPLEMENT,
Income Details,AI154,,5o,whole,,0,TO_IMPLEMENT,
Income Details,AJ154,,5o,whole,,0,TO_IMPLEMENT,
Income Details,AK154,,,whole,,0,TO_IMPLEMENT,
Income Details,AL154,,,whole,,0,TO_IMPLEMENT,
Income Details,AM154,,,whole,,0,TO_IMPLEMENT,
Income Details,AB152,IncD.Section80GG,5n,whole,,0,TO_IMPLEMENT,
Income Details,AC152,,5n,whole,,0,TO_IMPLEMENT,
Income Details,AD152,,5n,whole,,0,TO_IMPLEMENT,
Income Details,AE152,,5n,whole,,0,TO_IMPLEMENT,
Income Details,AF152,,5n,whole,,0,TO_IMPLEMENT,
Income Details,AG152,,5n,whole,,0,TO_IMPLEMENT,
Income Details,AH152,,5n,whole,,0,TO_IMPLEMENT,
Income Details,AI152,,5n,whole,,0,TO_IMPLEMENT,
Income Details,AJ152,,5n,whole,,0,TO_IMPLEMENT,
Income Details,AK152,,,whole,,0,TO_IMPLEMENT,
Income Details,AL152,,,whole,,0,TO_IMPLEMENT,
Income Details,AM152,,,whole,,0,TO_IMPLEMENT,
Income Details,AB151,IncD.Section80G,5m,whole,,0,TO_IMPLEMENT,
Income Details,AC151,,5m,whole,,0,TO_IMPLEMENT,
Income Details,AD151,,5m,whole,,0,TO_IMPLEMENT,
Income Details,AE151,,5m,whole,,0,TO_IMPLEMENT,
Income Details,AF151,,5m,whole,,0,TO_IMPLEMENT,
Income Details,AG151,,5m,whole,,0,TO_IMPLEMENT,
Income Details,AH151,,5m,whole,,0,TO_IMPLEMENT,
Income Details,AI151,,5m,whole,,0,TO_IMPLEMENT,
Income Details,AJ151,,5m,whole,,0,TO_IMPLEMENT,
Income Details,AK151,,,whole,,0,TO_IMPLEMENT,
Income Details,AL151,,,whole,,0,TO_IMPLEMENT,
Income Details,AM151,,,whole,,0,TO_IMPLEMENT,
Income Details,AB147,IncD.Section80E,5i,whole,,0,TO_IMPLEMENT,
Income Details,AC147,,5i,whole,,0,TO_IMPLEMENT,
Income Details,AD147,,5i,whole,,0,TO_IMPLEMENT,
Income Details,AE147,,5i,whole,,0,TO_IMPLEMENT,
Income Details,AF147,,5i,whole,,0,TO_IMPLEMENT,
Income Details,AG147,,5i,whole,,0,TO_IMPLEMENT,
Income Details,AH147,,5i,whole,,0,TO_IMPLEMENT,
Income Details,AI147,,5i,whole,,0,TO_IMPLEMENT,
Income Details,AJ147,,5i,whole,,0,TO_IMPLEMENT,
Income Details,AK147,,,whole,,0,TO_IMPLEMENT,
Income Details,AL147,,,whole,,0,TO_IMPLEMENT,
Income Details,AM147,,,whole,,0,TO_IMPLEMENT,
Income Details,AM145,,,whole,,0,TO_IMPLEMENT,
Income Details,AM146,,,whole,,0,TO_IMPLEMENT,
Income Details,AB145,IncD.Section80DDB,5h,whole,,0,TO_IMPLEMENT,
Income Details,AB144,IncD.Section80DD,5g,whole,,0,TO_IMPLEMENT,
Income Details,AC144,,5g,whole,,0,TO_IMPLEMENT,
Income Details,AD144,,5g,whole,,0,TO_IMPLEMENT,
Income Details,AE144,,5g,whole,,0,TO_IMPLEMENT,
Income Details,AF144,,5g,whole,,0,TO_IMPLEMENT,
Income Details,AG144,,5g,whole,,0,TO_IMPLEMENT,
Income Details,AH144,,5g,whole,,0,TO_IMPLEMENT,
Income Details,AI144,,5g,whole,,0,TO_IMPLEMENT,
Income Details,AJ144,,5g,whole,,0,TO_IMPLEMENT,
Income Details,AK144,,,whole,,0,TO_IMPLEMENT,
Income Details,AL144,,,whole,,0,TO_IMPLEMENT,
Income Details,AM144,,,whole,,0,TO_IMPLEMENT,
Income Details,AM142,,,whole,,0,TO_IMPLEMENT,
Income Details,AM143,,,whole,,0,TO_IMPLEMENT,
Income Details,E18,sheet1.ResidenceNo,Flat / Door / Block No.,textLength,lessThanOrEqual,50,TO_IMPLEMENT,
Income Details,W20,sheet1.LocalityOrArea,Area / Locality,textLength,lessThanOrEqual,50,TO_IMPLEMENT,
Income Details,X20,,,textLength,lessThanOrEqual,50,TO_IMPLEMENT,
Income Details,Y20,,,textLength,lessThanOrEqual,50,TO_IMPLEMENT,
Income Details,Z20,,Name of Premises / Building / Village,textLength,lessThanOrEqual,50,TO_IMPLEMENT,
Income Details,AA20,,,textLength,lessThanOrEqual,50,TO_IMPLEMENT,
Income Details,AB20,,,textLength,lessThanOrEqual,50,TO_IMPLEMENT,
Income Details,AC20,,,textLength,lessThanOrEqual,50,TO_IMPLEMENT,
Income Details,AD20,,,textLength,lessThanOrEqual,50,TO_IMPLEMENT,
Income Details,AE20,,,textLength,lessThanOrEqual,50,TO_IMPLEMENT,
Income Details,AF20,,,textLength,lessThanOrEqual,50,TO_IMPLEMENT,
Income Details,AG20,,,textLength,lessThanOrEqual,50,TO_IMPLEMENT,
Income Details,AH20,,,textLength,lessThanOrEqual,50,TO_IMPLEMENT,
Income Details,AI20,,,textLength,lessThanOrEqual,50,TO_IMPLEMENT,
Income Details,AJ20,,,textLength,lessThanOrEqual,50,TO_IMPLEMENT,
Income Details,AK20,,,textLength,lessThanOrEqual,50,TO_IMPLEMENT,
Income Details,AL20,,,textLength,lessThanOrEqual,50,TO_IMPLEMENT,
Income Details,AM20,,,textLength,lessThanOrEqual,50,TO_IMPLEMENT,
Income Details,E20,sheet1.RoadOrStreet,Road / Street/ Post Office,textLength,lessThanOrEqual,50,TO_IMPLEMENT,
Income Details,F20,,,textLength,lessThanOrEqual,50,TO_IMPLEMENT,
Income Details,G20,,,textLength,lessThanOrEqual,50,TO_IMPLEMENT,
Income Details,H20,,,textLength,lessThanOrEqual,50,TO_IMPLEMENT,
Income Details,I20,,,textLength,lessThanOrEqual,50,TO_IMPLEMENT,
Income Details,J20,,,textLength,lessThanOrEqual,50,TO_IMPLEMENT,
Income Details,K20,,,textLength,lessThanOrEqual,50,TO_IMPLEMENT,
Income Details,L20,,,textLength,lessThanOrEqual,50,TO_IMPLEMENT,
Income Details,M20,,,textLength,lessThanOrEqual,50,TO_IMPLEMENT,
Income Details,N20,,,textLength,lessThanOrEqual,50,TO_IMPLEMENT,
Income Details,O20,,,textLength,lessThanOrEqual,50,TO_IMPLEMENT,
Income Details,P20,,,textLength,lessThanOrEqual,50,TO_IMPLEMENT,
Income Details,Q20,,,textLength,lessThanOrEqual,50,TO_IMPLEMENT,
Income Details,R20,,,textLength,lessThanOrEqual,50,TO_IMPLEMENT,
Income Details,S20,,,textLength,lessThanOrEqual,50,TO_IMPLEMENT,
Income Details,T20,,,textLength,lessThanOrEqual,50,TO_IMPLEMENT,
Income Details,U20,,,textLength,lessThanOrEqual,50,TO_IMPLEMENT,
Income Details,V20,,,textLength,lessThanOrEqual,50,TO_IMPLEMENT,
Income Details,Y7,sheet1.SurNameOrOrgName,Last Name,textLength,lessThanOrEqual,75,TO_IMPLEMENT,
Income Details,O7,sheet1.MiddleName,Middle Name,textLength,lessThanOrEqual,25,TO_IMPLEMENT,
Income Details,P7,,,textLength,lessThanOrEqual,25,TO_IMPLEMENT,
Income Details,Q7,,,textLength,lessThanOrEqual,25,TO_IMPLEMENT,
Income Details,R7,,,textLength,lessThanOrEqual,25,TO_IMPLEMENT,
Income Details,S7,,,textLength,lessThanOrEqual,25,TO_IMPLEMENT,
Income Details,T7,,,textLength,lessThanOrEqual,25,TO_IMPLEMENT,
Income Details,U7,,,textLength,lessThanOrEqual,25,TO_IMPLEMENT,
Income Details,V7,,,textLength,lessThanOrEqual,25,TO_IMPLEMENT,
Income Details,W7,,,textLength,lessThanOrEqual,25,TO_IMPLEMENT,
Income Details,X7,,,textLength,lessThanOrEqual,25,TO_IMPLEMENT,
Income Details,AB115,IncD.Section80C,5a,whole,,0,TO_IMPLEMENT,
Income Details,AB137,IncD.Section80CCD,5e,whole,,0,TO_IMPLEMENT,
Income Details,AC137,,5e,whole,,0,TO_IMPLEMENT,
Income Details,AD137,,5e,whole,,0,TO_IMPLEMENT,
Income Details,AE137,,5e,whole,,0,TO_IMPLEMENT,
Income Details,AF137,,5e,whole,,0,TO_IMPLEMENT,
Income Details,AG137,,5e,whole,,0,TO_IMPLEMENT,
Income Details,AH137,,5e,whole,,0,TO_IMPLEMENT,
Income Details,AI137,,5e,whole,,0,TO_IMPLEMENT,
Income Details,AJ137,,5e,whole,,0,TO_IMPLEMENT,
Income Details,AK137,,,whole,,0,TO_IMPLEMENT,
Income Details,AL137,,,whole,,0,TO_IMPLEMENT,
Income Details,AM137,,,whole,,0,TO_IMPLEMENT,
Income Details,AM140,,,whole,,0,TO_IMPLEMENT,
Income Details,AB156,IncD.Section80QQB,5p,whole,,0,TO_IMPLEMENT,
Income Details,AC156,,5p,whole,,0,TO_IMPLEMENT,
Income Details,AD156,,5p,whole,,0,TO_IMPLEMENT,
Income Details,AE156,,5p,whole,,0,TO_IMPLEMENT,
Income Details,AF156,,5p,whole,,0,TO_IMPLEMENT,
Income Details,AG156,,5p,whole,,0,TO_IMPLEMENT,
Income Details,AH156,,5p,whole,,0,TO_IMPLEMENT,
Income Details,AI156,,5p,whole,,0,TO_IMPLEMENT,
Income Details,AJ156,,5p,whole,,0,TO_IMPLEMENT,
Income Details,AK156,,,whole,,0,TO_IMPLEMENT,
Income Details,AL156,,,whole,,0,TO_IMPLEMENT,
Income Details,AM156,,,whole,,0,TO_IMPLEMENT,
Income Details,AM160,,,whole,,0,TO_IMPLEMENT,
Income Details,AM161,,,whole,,0,TO_IMPLEMENT,
Income Details,AM162,,,whole,,0,TO_IMPLEMENT,
Income Details,AB160,IncD.Section80U,5s,whole,,0,TO_IMPLEMENT,
Income Details,AC160,,5s,whole,,0,TO_IMPLEMENT,
Income Details,AD160,,5s,whole,,0,TO_IMPLEMENT,
Income Details,AE160,,5s,whole,,0,TO_IMPLEMENT,
Income Details,AF160,,5s,whole,,0,TO_IMPLEMENT,
Income Details,AG160,,5s,whole,,0,TO_IMPLEMENT,
Income Details,AH160,,5s,whole,,0,TO_IMPLEMENT,
Income Details,AI160,,5s,whole,,0,TO_IMPLEMENT,
Income Details,AJ160,,5s,whole,,0,TO_IMPLEMENT,
Income Details,AK160,,,whole,,0,TO_IMPLEMENT,
Income Details,AL160,,,whole,,0,TO_IMPLEMENT,
Income Details,AB157,IncD.Section80RRB,5q,whole,,0,TO_IMPLEMENT,
Income Details,AC157,,5q,whole,,0,TO_IMPLEMENT,
Income Details,AD157,,5q,whole,,0,TO_IMPLEMENT,
Income Details,AE157,,5q,whole,,0,TO_IMPLEMENT,
Income Details,AF157,,5q,whole,,0,TO_IMPLEMENT,
Income Details,AG157,,5q,whole,,0,TO_IMPLEMENT,
Income Details,AH157,,5q,whole,,0,TO_IMPLEMENT,
Income Details,AI157,,5q,whole,,0,TO_IMPLEMENT,
Income Details,AJ157,,5q,whole,,0,TO_IMPLEMENT,
Income Details,AK157,,,whole,,0,TO_IMPLEMENT,
Income Details,AL157,,,whole,,0,TO_IMPLEMENT,
Income Details,AM157,,,whole,,0,TO_IMPLEMENT,
Income Details,AM158,,,whole,,0,TO_IMPLEMENT,
Income Details,AM159,,,whole,,0,TO_IMPLEMENT,
Income Details,AB163,IncD.TotalChapVIADeductions_Input,C1,whole,,0,TO_IMPLEMENT,
Income Details,AC163,,C1,whole,,0,TO_IMPLEMENT,
Income Details,AD163,,C1,whole,,0,TO_IMPLEMENT,
Income Details,AE163,,C1,whole,,0,TO_IMPLEMENT,
Income Details,AF163,,C1,whole,,0,TO_IMPLEMENT,
Income Details,AG163,,C1,whole,,0,TO_IMPLEMENT,
Income Details,AH163,,C1,whole,,0,TO_IMPLEMENT,
Income Details,AI163,,C1,whole,,0,TO_IMPLEMENT,
Income Details,AJ163,,C1,whole,,0,TO_IMPLEMENT,
Income Details,AK163,,,whole,,0,TO_IMPLEMENT,
Income Details,AL163,,,whole,,0,TO_IMPLEMENT,
Income Details,AM163,,,whole,,0,TO_IMPLEMENT,
Income Details,AO164,IncD.TotalIncome,,whole,,-99999999999999,TO_IMPLEMENT,
Income Details,AO165,IncD.TotalIncome_New,C2,whole,,-99999999999999,TO_IMPLEMENT,
Income Details,AO191,IncD.TotTaxPlusIntrstPay,D11,whole,,0,TO_IMPLEMENT,
Income Details,AO186,IncD.IntrstPayUs234B,D8,whole,,0,TO_IMPLEMENT,
Income Details,AP186,,D8,whole,,0,TO_IMPLEMENT,
Income Details,AQ186,,D8,whole,,0,TO_IMPLEMENT,
Income Details,AR186,,D8,whole,,0,TO_IMPLEMENT,
Income Details,AS186,,D8,whole,,0,TO_IMPLEMENT,
Income Details,AT186,,D8,whole,,0,TO_IMPLEMENT,
Income Details,AU186,,D8,whole,,0,TO_IMPLEMENT,
Income Details,AV186,,D8,whole,,0,TO_IMPLEMENT,
Income Details,AW186,,D8,whole,,0,TO_IMPLEMENT,
Income Details,AO185,IncD.IntrstPayUs234A,D7,whole,,0,TO_IMPLEMENT,
Income Details,AP185,,D7,whole,,0,TO_IMPLEMENT,
Income Details,AQ185,,D7,whole,,0,TO_IMPLEMENT,
Income Details,AR185,,D7,whole,,0,TO_IMPLEMENT,
Income Details,AS185,,D7,whole,,0,TO_IMPLEMENT,
Income Details,AT185,,D7,whole,,0,TO_IMPLEMENT,
Income Details,AU185,,D7,whole,,0,TO_IMPLEMENT,
Income Details,AV185,,D7,whole,,0,TO_IMPLEMENT,
Income Details,AW185,,D7,whole,,0,TO_IMPLEMENT,
Income Details,AO187,IncD.IntrstPayUs234C,D9,whole,,0,TO_IMPLEMENT,
Income Details,AP187,,D9,whole,,0,TO_IMPLEMENT,
Income Details,AQ187,,D9,whole,,0,TO_IMPLEMENT,
Income Details,AR187,,D9,whole,,0,TO_IMPLEMENT,
Income Details,AS187,,D9,whole,,0,TO_IMPLEMENT,
Income Details,AT187,,D9,whole,,0,TO_IMPLEMENT,
Income Details,AU187,,D9,whole,,0,TO_IMPLEMENT,
Income Details,AV187,,D9,whole,,0,TO_IMPLEMENT,
Income Details,AW187,,D9,whole,,0,TO_IMPLEMENT,
Income Details,AN9,Sheet1.AadhaarEnrol,PAN,textLength,equal,28,TO_IMPLEMENT,
Income Details,AO9,,,textLength,equal,28,TO_IMPLEMENT,
Income Details,AP9,,,textLength,equal,28,TO_IMPLEMENT,
Income Details,AQ9,,,textLength,equal,28,TO_IMPLEMENT,
Income Details,AR9,,,textLength,equal,28,TO_IMPLEMENT,
Income Details,AS9,,,textLength,equal,28,TO_IMPLEMENT,
Income Details,AT9,,,textLength,equal,28,TO_IMPLEMENT,
Income Details,AU9,,,textLength,equal,28,TO_IMPLEMENT,
Income Details,AV9,,,textLength,equal,28,TO_IMPLEMENT,
Income Details,AW9,,,textLength,equal,28,TO_IMPLEMENT,
Income Details,AN8,Sheet1.Aadhaar,PAN,textLength,equal,12,TO_IMPLEMENT,
Income Details,AO8,,,textLength,equal,12,TO_IMPLEMENT,
Income Details,AP8,,,textLength,equal,12,TO_IMPLEMENT,
Income Details,AQ8,,,textLength,equal,12,TO_IMPLEMENT,
Income Details,AR8,,,textLength,equal,12,TO_IMPLEMENT,
Income Details,AS8,,,textLength,equal,12,TO_IMPLEMENT,
Income Details,AT8,,,textLength,equal,12,TO_IMPLEMENT,
Income Details,AU8,,,textLength,equal,12,TO_IMPLEMENT,
Income Details,AV8,,,textLength,equal,12,TO_IMPLEMENT,
Income Details,AW8,,,textLength,equal,12,TO_IMPLEMENT,
Income Details,E22,sheet1.StateCode1,State,list,lessThanOrEqual,StateList,TO_IMPLEMENT,
Income Details,AN20,sheet1.CityOrTownOrDistrict,Town / City / District,textLength,lessThanOrEqual,50,TO_IMPLEMENT,
Income Details,AO20,,,textLength,lessThanOrEqual,50,TO_IMPLEMENT,
Income Details,AP20,,,textLength,lessThanOrEqual,50,TO_IMPLEMENT,
Income Details,AQ20,,,textLength,lessThanOrEqual,50,TO_IMPLEMENT,
Income Details,AR20,sheet1.Gender1,,textLength,lessThanOrEqual,50,TO_IMPLEMENT,
Income Details,AS20,,,textLength,lessThanOrEqual,50,TO_IMPLEMENT,
Income Details,AT20,,,textLength,lessThanOrEqual,50,TO_IMPLEMENT,
Income Details,AU20,,,textLength,lessThanOrEqual,50,TO_IMPLEMENT,
Income Details,AV20,,,textLength,lessThanOrEqual,50,TO_IMPLEMENT,
Income Details,AW20,,,textLength,lessThanOrEqual,50,TO_IMPLEMENT,
Income Details,AM35,,,,equal,,TO_IMPLEMENT,
Income Details,AM36,,,,equal,,TO_IMPLEMENT,
Income Details,AM37,,,,equal,,TO_IMPLEMENT,
Income Details,AM38,,,,equal,,TO_IMPLEMENT,
Income Details,AM39,,,,equal,,TO_IMPLEMENT,
Income Details,AM40,,,,equal,,TO_IMPLEMENT,
Income Details,AM41,,,,equal,,TO_IMPLEMENT,
Income Details,AM33,,,,equal,,TO_IMPLEMENT,
Income Details,AM31,,,,equal,,TO_IMPLEMENT,
Income Details,AM22,,,,equal,,TO_IMPLEMENT,
Income Details,AO80,IncD.AnnualValue,(Select),whole,,-99999999999999,TO_IMPLEMENT,
Income Details,AP80,,,whole,,-99999999999999,TO_IMPLEMENT,
Income Details,AQ80,,,whole,,-99999999999999,TO_IMPLEMENT,
Income Details,AR80,,,whole,,-99999999999999,TO_IMPLEMENT,
Income Details,AS80,,,whole,,-99999999999999,TO_IMPLEMENT,
Income Details,AT80,,,whole,,-99999999999999,TO_IMPLEMENT,
Income Details,AU80,,,whole,,-99999999999999,TO_IMPLEMENT,
Income Details,AV80,,,whole,,-99999999999999,TO_IMPLEMENT,
Income Details,AW80,,,whole,,-99999999999999,TO_IMPLEMENT,
Income Details,AO56,IncD.Perquisites,,whole,,0,TO_IMPLEMENT,
Income Details,AP56,,,whole,,0,TO_IMPLEMENT,
Income Details,AQ56,,,whole,,0,TO_IMPLEMENT,
Income Details,AR56,,,whole,,0,TO_IMPLEMENT,
Income Details,AS56,,,whole,,0,TO_IMPLEMENT,
Income Details,AT56,,,whole,,0,TO_IMPLEMENT,
Income Details,AU56,,,whole,,0,TO_IMPLEMENT,
Income Details,AV56,,,whole,,0,TO_IMPLEMENT,
Income Details,AW56,,,whole,,0,TO_IMPLEMENT,
Income Details,AO78,IncD.GrossRentRecieved,(Select),whole,,0,TO_IMPLEMENT,
Income Details,AP78,,,whole,,0,TO_IMPLEMENT,
Income Details,AQ78,,,whole,,0,TO_IMPLEMENT,
Income Details,AR78,,,whole,,0,TO_IMPLEMENT,
Income Details,AS78,,,whole,,0,TO_IMPLEMENT,
Income Details,AT78,,,whole,,0,TO_IMPLEMENT,
Income Details,AU78,,,whole,,0,TO_IMPLEMENT,
Income Details,AV78,,,whole,,0,TO_IMPLEMENT,
Income Details,AW78,,,whole,,0,TO_IMPLEMENT,
Income Details,AO79,IncD.TaxPaidLocalAuthorities,(Select),whole,,0,TO_IMPLEMENT,
Income Details,AP79,,,whole,,0,TO_IMPLEMENT,
Income Details,AQ79,,,whole,,0,TO_IMPLEMENT,
Income Details,AR79,,,whole,,0,TO_IMPLEMENT,
Income Details,AS79,,,whole,,0,TO_IMPLEMENT,
Income Details,AT79,,,whole,,0,TO_IMPLEMENT,
Income Details,AU79,,,whole,,0,TO_IMPLEMENT,
Income Details,AV79,,,whole,,0,TO_IMPLEMENT,
Income Details,AW79,,,whole,,0,TO_IMPLEMENT,
Income Details,AA50,,,,,,TO_IMPLEMENT,
Income Details,P50,sheet1.ReceiptNo,Receipt Number,textLength,equal,15,TO_IMPLEMENT,
Income Details,Q50,,,textLength,equal,15,TO_IMPLEMENT,
Income Details,R50,,,textLength,equal,15,TO_IMPLEMENT,
Income Details,S50,,,textLength,equal,15,TO_IMPLEMENT,
Income Details,T50,,,textLength,equal,15,TO_IMPLEMENT,
Income Details,U50,,,textLength,equal,15,TO_IMPLEMENT,
Income Details,V50,,,textLength,equal,15,TO_IMPLEMENT,
Income Details,W50,,,textLength,equal,15,TO_IMPLEMENT,
Income Details,X50,,,textLength,equal,15,TO_IMPLEMENT,
Income Details,Y50,,,textLength,equal,15,TO_IMPLEMENT,
Income Details,Z50,,,textLength,equal,15,TO_IMPLEMENT,
Income Details,AA52,,Date of filing of original return,,lessThanOrEqual,,TO_IMPLEMENT,
Income Details,P52,sheet1.NoticeNo,Unique Number/ Document Identification Number (DIN),textLength,lessThanOrEqual,100,TO_IMPLEMENT,
Income Details,Q52,,,textLength,lessThanOrEqual,100,TO_IMPLEMENT,
Income Details,R52,,,textLength,lessThanOrEqual,100,TO_IMPLEMENT,
Income Details,S52,,,textLength,lessThanOrEqual,100,TO_IMPLEMENT,
Income Details,T52,,,textLength,lessThanOrEqual,100,TO_IMPLEMENT,
Income Details,U52,,,textLength,lessThanOrEqual,100,TO_IMPLEMENT,
Income Details,V52,,,textLength,lessThanOrEqual,100,TO_IMPLEMENT,
Income Details,W52,,,textLength,lessThanOrEqual,100,TO_IMPLEMENT,
Income Details,X52,,,textLength,lessThanOrEqual,100,TO_IMPLEMENT,
Income Details,Y52,,,textLength,lessThanOrEqual,100,TO_IMPLEMENT,
Income Details,Z52,,,textLength,lessThanOrEqual,100,TO_IMPLEMENT,
Income Details,AN52,sheet1.NoticeDate,,textLength,equal,10,TO_IMPLEMENT,
Income Details,AO52,,,textLength,equal,10,TO_IMPLEMENT,
Income Details,AP52,,,textLength,equal,10,TO_IMPLEMENT,
Income Details,AQ52,,,textLength,equal,10,TO_IMPLEMENT,
Income Details,AR52,,,textLength,equal,10,TO_IMPLEMENT,
Income Details,AS52,,,textLength,equal,10,TO_IMPLEMENT,
Income Details,AT52,,,textLength,equal,10,TO_IMPLEMENT,
Income Details,AU52,,,textLength,equal,10,TO_IMPLEMENT,
Income Details,AV52,,,textLength,equal,10,TO_IMPLEMENT,
Income Details,AW52,,,textLength,equal,10,TO_IMPLEMENT,
Income Details,AY52,,,,lessThanOrEqual,,TO_IMPLEMENT,
Income Details,AZ52,,,,lessThanOrEqual,,TO_IMPLEMENT,
Income Details,BA52,,,,lessThanOrEqual,,TO_IMPLEMENT,
Income Details,BB52,,,,lessThanOrEqual,,TO_IMPLEMENT,
Income Details,BC52,,,,lessThanOrEqual,,TO_IMPLEMENT,
Income Details,BD52,,,,lessThanOrEqual,,TO_IMPLEMENT,
Income Details,BE52,,,,lessThanOrEqual,,TO_IMPLEMENT,
Income Details,BF52,,,,lessThanOrEqual,,TO_IMPLEMENT,
Income Details,BG52,,,,lessThanOrEqual,,TO_IMPLEMENT,
Income Details,AY53,,,,lessThanOrEqual,,TO_IMPLEMENT,
Income Details,AZ53,,,,lessThanOrEqual,,TO_IMPLEMENT,
Income Details,BA53,,,,lessThanOrEqual,,TO_IMPLEMENT,
Income Details,BB53,,,,lessThanOrEqual,,TO_IMPLEMENT,
Income Details,BC53,,,,lessThanOrEqual,,TO_IMPLEMENT,
Income Details,BD53,,,,lessThanOrEqual,,TO_IMPLEMENT,
Income Details,BE53,,,,lessThanOrEqual,,TO_IMPLEMENT,
Income Details,BF53,,,,lessThanOrEqual,,TO_IMPLEMENT,
Income Details,BG53,,,,lessThanOrEqual,,TO_IMPLEMENT,
Income Details,AN7,sheet1.PAN,PAN,textLength,equal,10,TO_IMPLEMENT,
Income Details,AO7,,,textLength,equal,10,TO_IMPLEMENT,
Income Details,AP7,,,textLength,equal,10,TO_IMPLEMENT,
Income Details,AQ7,,,textLength,equal,10,TO_IMPLEMENT,
Income Details,AR7,,,textLength,equal,10,TO_IMPLEMENT,
Income Details,AS7,,,textLength,equal,10,TO_IMPLEMENT,
Income Details,AT7,,,textLength,equal,10,TO_IMPLEMENT,
Income Details,AU7,,,textLength,equal,10,TO_IMPLEMENT,
Income Details,AV7,,,textLength,equal,10,TO_IMPLEMENT,
Income Details,AW7,,,textLength,equal,10,TO_IMPLEMENT,
Income Details,AO54,IncD.IncomeFromSal;PartB,,whole,,0,TO_IMPLEMENT,
Income Details,AP54,,,whole,,0,TO_IMPLEMENT,
Income Details,AQ54,,,whole,,0,TO_IMPLEMENT,
Income Details,AR54,,,whole,,0,TO_IMPLEMENT,
Income Details,AS54,,,whole,,0,TO_IMPLEMENT,
Income Details,AT54,,,whole,,0,TO_IMPLEMENT,
Income Details,AU54,,,whole,,0,TO_IMPLEMENT,
Income Details,AV54,,,whole,,0,TO_IMPLEMENT,
Income Details,AW54,,,whole,,0,TO_IMPLEMENT,
Income Details,AO55,IncD.Allowances,,whole,,0,TO_IMPLEMENT,
Income Details,AP55,,,whole,,0,TO_IMPLEMENT,
Income Details,AQ55,,,whole,,0,TO_IMPLEMENT,
Income Details,AR55,,,whole,,0,TO_IMPLEMENT,
Income Details,AS55,,,whole,,0,TO_IMPLEMENT,
Income Details,AT55,,,whole,,0,TO_IMPLEMENT,
Income Details,AU55,,,whole,,0,TO_IMPLEMENT,
Income Details,AV55,,,whole,,0,TO_IMPLEMENT,
Income Details,AW55,,,whole,,0,TO_IMPLEMENT,
Income Details,AO64,Less_allowance,,whole,,0,TO_IMPLEMENT,
Income Details,AO77,IncD.TypeOfHP,,list,,"""(Select),Self Occupied, Let Out,Deemed Let Out""",TO_IMPLEMENT,
Income Details,AP77,,(Select),list,,"""(Select),Self Occupied, Let Out,Deemed Let Out""",TO_IMPLEMENT,
Income Details,AQ77,,(Select),list,,"""(Select),Self Occupied, Let Out,Deemed Let Out""",TO_IMPLEMENT,
Income Details,AR77,,(Select),list,,"""(Select),Self Occupied, Let Out,Deemed Let Out""",TO_IMPLEMENT,
Income Details,AS77,,(Select),list,,"""(Select),Self Occupied, Let Out,Deemed Let Out""",TO_IMPLEMENT,
Income Details,AT77,,(Select),list,,"""(Select),Self Occupied, Let Out,Deemed Let Out""",TO_IMPLEMENT,
Income Details,AU77,,(Select),list,,"""(Select),Self Occupied, Let Out,Deemed Let Out""",TO_IMPLEMENT,
Income Details,AV77,,(Select),list,,"""(Select),Self Occupied, Let Out,Deemed Let Out""",TO_IMPLEMENT,
Income Details,AW77,,(Select),list,,"""(Select),Self Occupied, Let Out,Deemed Let Out""",TO_IMPLEMENT,
Income Details,AO81,IncD.StandardDeduction,,whole,,0,TO_IMPLEMENT,
Income Details,AP81,,,whole,,0,TO_IMPLEMENT,
Income Details,AQ81,,,whole,,0,TO_IMPLEMENT,
Income Details,AR81,,,whole,,0,TO_IMPLEMENT,
Income Details,AS81,,,whole,,0,TO_IMPLEMENT,
Income Details,AT81,,,whole,,0,TO_IMPLEMENT,
Income Details,AU81,,,whole,,0,TO_IMPLEMENT,
Income Details,AV81,,,whole,,0,TO_IMPLEMENT,
Income Details,AW81,,,whole,,0,TO_IMPLEMENT,
Income Details,AN50,sheet1.OrigRetFiledDate,,textLength,equal,10,TO_IMPLEMENT,
Income Details,AO50,,,textLength,equal,10,TO_IMPLEMENT,
Income Details,AP50,,,textLength,equal,10,TO_IMPLEMENT,
Income Details,AQ50,,,textLength,equal,10,TO_IMPLEMENT,
Income Details,AR50,,,textLength,equal,10,TO_IMPLEMENT,
Income Details,AS50,,,textLength,equal,10,TO_IMPLEMENT,
Income Details,AT50,,,textLength,equal,10,TO_IMPLEMENT,
Income Details,AU50,,,textLength,equal,10,TO_IMPLEMENT,
Income Details,AV50,,,textLength,equal,10,TO_IMPLEMENT,
Income Details,AW50,,,textLength,equal,10,TO_IMPLEMENT,
Income Details,K142,SELECT80DB,b) Medical expenditure,list,,Selection80DB,TO_IMPLEMENT,
Income Details,L142,,(Select),list,,Selection80DB,TO_IMPLEMENT,
Income Details,M142,,(Select),list,,Selection80DB,TO_IMPLEMENT,
Income Details,N142,,(Select),list,,Selection80DB,TO_IMPLEMENT,
Income Details,O142,,(Select),list,,Selection80DB,TO_IMPLEMENT,
Income Details,P142,,(Select),list,,Selection80DB,TO_IMPLEMENT,
Income Details,Q142,,(Select),list,,Selection80DB,TO_IMPLEMENT,
Income Details,R142,,(Select),list,,Selection80DB,TO_IMPLEMENT,
Income Details,S142,,(Select),list,,Selection80DB,TO_IMPLEMENT,
Income Details,T142,,(Select),list,,Selection80DB,TO_IMPLEMENT,
Income Details,U142,,(Select),list,,Selection80DB,TO_IMPLEMENT,
Income Details,V142,,(Select),list,,Selection80DB,TO_IMPLEMENT,
Income Details,W142,,,list,,Selection80DB,TO_IMPLEMENT,
Income Details,X142,,,list,,Selection80DB,TO_IMPLEMENT,
Income Details,K143,SELECT80DC,c) Preventive health check-up,list,,Selection80DC,TO_IMPLEMENT,
Income Details,L143,,(Select),list,,Selection80DC,TO_IMPLEMENT,
Income Details,M143,,(Select),list,,Selection80DC,TO_IMPLEMENT,
Income Details,N143,,(Select),list,,Selection80DC,TO_IMPLEMENT,
Income Details,O143,,(Select),list,,Selection80DC,TO_IMPLEMENT,
Income Details,P143,,(Select),list,,Selection80DC,TO_IMPLEMENT,
Income Details,Q143,,(Select),list,,Selection80DC,TO_IMPLEMENT,
Income Details,R143,,(Select),list,,Selection80DC,TO_IMPLEMENT,
Income Details,S143,,(Select),list,,Selection80DC,TO_IMPLEMENT,
Income Details,T143,,(Select),list,,Selection80DC,TO_IMPLEMENT,
Income Details,U143,,(Select),list,,Selection80DC,TO_IMPLEMENT,
Income Details,V143,,(Select),list,,Selection80DC,TO_IMPLEMENT,
Income Details,W143,,,list,,Selection80DC,TO_IMPLEMENT,
Income Details,X143,,,list,,Selection80DC,TO_IMPLEMENT,
Income Details,K141,SELECT80D,a) Health insurance premium,list,,Selection80D,TO_IMPLEMENT,
Income Details,L141,,(Select),list,,Selection80D,TO_IMPLEMENT,
Income Details,M141,,(Select),list,,Selection80D,TO_IMPLEMENT,
Income Details,N141,,(Select),list,,Selection80D,TO_IMPLEMENT,
Income Details,O141,,(Select),list,,Selection80D,TO_IMPLEMENT,
Income Details,P141,,(Select),list,,Selection80D,TO_IMPLEMENT,
Income Details,Q141,,(Select),list,,Selection80D,TO_IMPLEMENT,
Income Details,R141,,(Select),list,,Selection80D,TO_IMPLEMENT,
Income Details,S141,,(Select),list,,Selection80D,TO_IMPLEMENT,
Income Details,T141,,(Select),list,,Selection80D,TO_IMPLEMENT,
Income Details,U141,,(Select),list,,Selection80D,TO_IMPLEMENT,
Income Details,V141,,(Select),list,,Selection80D,TO_IMPLEMENT,
Income Details,W141,,,list,,Selection80D,TO_IMPLEMENT,
Income Details,X141,,,list,,Selection80D,TO_IMPLEMENT,
Income Details,AB141,IncD.Section80D,5ga,whole,,0,TO_IMPLEMENT,
Income Details,AC141,,5ga,whole,,0,TO_IMPLEMENT,
Income Details,AD141,,5ga,whole,,0,TO_IMPLEMENT,
Income Details,AE141,,5ga,whole,,0,TO_IMPLEMENT,
Income Details,AF141,,5ga,whole,,0,TO_IMPLEMENT,
Income Details,AG141,,5ga,whole,,0,TO_IMPLEMENT,
Income Details,AH141,,5ga,whole,,0,TO_IMPLEMENT,
Income Details,AI141,,5ga,whole,,0,TO_IMPLEMENT,
Income Details,AJ141,,5ga,whole,,0,TO_IMPLEMENT,
Income Details,AK141,,,whole,,0,TO_IMPLEMENT,
Income Details,AL141,,,whole,,0,TO_IMPLEMENT,
Income Details,AM141,,,whole,,0,TO_IMPLEMENT,
Income Details,AB142,IncD.Section80DB,5gb,whole,,0,TO_IMPLEMENT,
Income Details,AC142,,5gb,whole,,0,TO_IMPLEMENT,
Income Details,AD142,,5gb,whole,,0,TO_IMPLEMENT,
Income Details,AE142,,5gb,whole,,0,TO_IMPLEMENT,
Income Details,AF142,,5gb,whole,,0,TO_IMPLEMENT,
Income Details,AG142,,5gb,whole,,0,TO_IMPLEMENT,
Income Details,AH142,,5gb,whole,,0,TO_IMPLEMENT,
Income Details,AI142,,5gb,whole,,0,TO_IMPLEMENT,
Income Details,AJ142,,5gb,whole,,0,TO_IMPLEMENT,
Income Details,AK142,,,whole,,0,TO_IMPLEMENT,
Income Details,AL142,,,whole,,0,TO_IMPLEMENT,
Income Details,AB143,IncD.Section80DC,5gc,whole,,0,TO_IMPLEMENT,
Income Details,AC143,,5gc,whole,,0,TO_IMPLEMENT,
Income Details,AD143,,5gc,whole,,0,TO_IMPLEMENT,
Income Details,AE143,,5gc,whole,,0,TO_IMPLEMENT,
Income Details,AF143,,5gc,whole,,0,TO_IMPLEMENT,
Income Details,AG143,,5gc,whole,,0,TO_IMPLEMENT,
Income Details,AH143,,5gc,whole,,0,TO_IMPLEMENT,
Income Details,AI143,,5gc,whole,,0,TO_IMPLEMENT,
Income Details,AJ143,,5gc,whole,,0,TO_IMPLEMENT,
Income Details,AK143,,,whole,,0,TO_IMPLEMENT,
Income Details,AL143,,,whole,,0,TO_IMPLEMENT,
Income Details,AO73,IncD.Deduction16ia,,whole,,0,TO_IMPLEMENT,
Income Details,AP73,,,whole,,0,TO_IMPLEMENT,
Income Details,AQ73,,,whole,,0,TO_IMPLEMENT,
Income Details,AR73,,,whole,,0,TO_IMPLEMENT,
Income Details,AS73,,,whole,,0,TO_IMPLEMENT,
Income Details,AT73,,,whole,,0,TO_IMPLEMENT,
Income Details,AU73,,,whole,,0,TO_IMPLEMENT,
Income Details,AV73,,,whole,,0,TO_IMPLEMENT,
Income Details,AW73,,,whole,,0,TO_IMPLEMENT,
Income Details,AB159,IncD.Section80TTB,5r,whole,,0,TO_IMPLEMENT,
Income Details,AC159,,5r,whole,,0,TO_IMPLEMENT,
Income Details,AD159,,5r,whole,,0,TO_IMPLEMENT,
Income Details,AE159,,5r,whole,,0,TO_IMPLEMENT,
Income Details,AF159,,5r,whole,,0,TO_IMPLEMENT,
Income Details,AG159,,5r,whole,,0,TO_IMPLEMENT,
Income Details,AH159,,5r,whole,,0,TO_IMPLEMENT,
Income Details,AI159,,5r,whole,,0,TO_IMPLEMENT,
Income Details,AJ159,,5r,whole,,0,TO_IMPLEMENT,
Income Details,AK159,,,whole,,0,TO_IMPLEMENT,
Income Details,AL159,,,whole,,0,TO_IMPLEMENT,
Income Details,Z66,Others.Amount_1,Amount,textLength,lessThanOrEqual,125,TO_IMPLEMENT,
Income Details,AA66,,,textLength,lessThanOrEqual,125,TO_IMPLEMENT,
Income Details,AB66,,,textLength,lessThanOrEqual,125,TO_IMPLEMENT,
Income Details,AC66,,,textLength,lessThanOrEqual,125,TO_IMPLEMENT,
Income Details,AD66,,,textLength,lessThanOrEqual,125,TO_IMPLEMENT,
Income Details,AE66,,,textLength,lessThanOrEqual,125,TO_IMPLEMENT,
Income Details,AF66,,,textLength,lessThanOrEqual,125,TO_IMPLEMENT,
Income Details,AG66,,,textLength,lessThanOrEqual,125,TO_IMPLEMENT,
Income Details,AH66,,,textLength,lessThanOrEqual,125,TO_IMPLEMENT,
Income Details,AI66,,,textLength,lessThanOrEqual,125,TO_IMPLEMENT,
Income Details,AJ66,,,textLength,lessThanOrEqual,125,TO_IMPLEMENT,
Income Details,AK66,,,textLength,lessThanOrEqual,125,TO_IMPLEMENT,
Income Details,AL66,,,textLength,lessThanOrEqual,125,TO_IMPLEMENT,
Income Details,AM66,,,textLength,lessThanOrEqual,125,TO_IMPLEMENT,
Income Details,AN66,,,textLength,lessThanOrEqual,125,TO_IMPLEMENT,
Income Details,Z67,,Amount,textLength,lessThanOrEqual,125,TO_IMPLEMENT,
Income Details,AA67,,,textLength,lessThanOrEqual,125,TO_IMPLEMENT,
Income Details,AB67,,,textLength,lessThanOrEqual,125,TO_IMPLEMENT,
Income Details,AC67,,,textLength,lessThanOrEqual,125,TO_IMPLEMENT,
Income Details,AD67,,,textLength,lessThanOrEqual,125,TO_IMPLEMENT,
Income Details,AE67,,,textLength,lessThanOrEqual,125,TO_IMPLEMENT,
Income Details,AF67,,,textLength,lessThanOrEqual,125,TO_IMPLEMENT,
Income Details,AG67,,,textLength,lessThanOrEqual,125,TO_IMPLEMENT,
Income Details,AH67,,,textLength,lessThanOrEqual,125,TO_IMPLEMENT,
Income Details,AI67,,,textLength,lessThanOrEqual,125,TO_IMPLEMENT,
Income Details,AJ67,,,textLength,lessThanOrEqual,125,TO_IMPLEMENT,
Income Details,AK67,,,textLength,lessThanOrEqual,125,TO_IMPLEMENT,
Income Details,AL67,,,textLength,lessThanOrEqual,125,TO_IMPLEMENT,
Income Details,AM67,,,textLength,lessThanOrEqual,125,TO_IMPLEMENT,
Income Details,AN67,,,textLength,lessThanOrEqual,125,TO_IMPLEMENT,
Income Details,AO86,,,,,,TO_IMPLEMENT,
Income Details,AP86,,Amount,,,,TO_IMPLEMENT,
Income Details,AQ86,,Amount,,,,TO_IMPLEMENT,
Income Details,AR86,,Amount,,,,TO_IMPLEMENT,
Income Details,AS86,,Amount,,,,TO_IMPLEMENT,
Income Details,AT86,,Amount,,,,TO_IMPLEMENT,
Income Details,AU86,,Amount,,,,TO_IMPLEMENT,
Income Details,AV86,,Amount,,,,TO_IMPLEMENT,
Income Details,AW86,,Amount,,,,TO_IMPLEMENT,
Income Details,AO57,IncD.Profits,,whole,,0,TO_IMPLEMENT,
Income Details,AP57,,,whole,,0,TO_IMPLEMENT,
Income Details,AQ57,,,whole,,0,TO_IMPLEMENT,
Income Details,AR57,,,whole,,0,TO_IMPLEMENT,
Income Details,AS57,,,whole,,0,TO_IMPLEMENT,
Income Details,AT57,,,whole,,0,TO_IMPLEMENT,
Income Details,AU57,,,whole,,0,TO_IMPLEMENT,
Income Details,AV57,,,whole,,0,TO_IMPLEMENT,
Income Details,AW57,,,whole,,0,TO_IMPLEMENT,
Income Details,AO75,IncD.Deduction16ic,,whole,,0,TO_IMPLEMENT,
Income Details,AP75,,,whole,,0,TO_IMPLEMENT,
Income Details,AQ75,,,whole,,0,TO_IMPLEMENT,
Income Details,AR75,,,whole,,0,TO_IMPLEMENT,
Income Details,AS75,,,whole,,0,TO_IMPLEMENT,
Income Details,AT75,,,whole,,0,TO_IMPLEMENT,
Income Details,AU75,,,whole,,0,TO_IMPLEMENT,
Income Details,AV75,,,whole,,0,TO_IMPLEMENT,
Income Details,AW75,,,whole,,0,TO_IMPLEMENT,
Income Details,H168,Others.NOI;Others_NOI2,Category,list,,Nature_TP,TO_IMPLEMENT,
Income Details,I168,,,list,,Nature_TP,TO_IMPLEMENT,
Income Details,J168,,,list,,Nature_TP,TO_IMPLEMENT,
Income Details,K168,,,list,,Nature_TP,TO_IMPLEMENT,
Income Details,L168,,,list,,Nature_TP,TO_IMPLEMENT,
Income Details,M168,,,list,,Nature_TP,TO_IMPLEMENT,
Income Details,N168,,,list,,Nature_TP,TO_IMPLEMENT,
Income Details,O168,,,list,,Nature_TP,TO_IMPLEMENT,
Income Details,P168,,,list,,Nature_TP,TO_IMPLEMENT,
Income Details,Q168,,,list,,Nature_TP,TO_IMPLEMENT,
Income Details,R168,,,list,,Nature_TP,TO_IMPLEMENT,
Income Details,S168,,,list,,Nature_TP,TO_IMPLEMENT,
Income Details,H169,,Category,list,,Nature_TP,TO_IMPLEMENT,
Income Details,I169,,,list,,Nature_TP,TO_IMPLEMENT,
Income Details,J169,,,list,,Nature_TP,TO_IMPLEMENT,
Income Details,K169,,,list,,Nature_TP,TO_IMPLEMENT,
Income Details,L169,,,list,,Nature_TP,TO_IMPLEMENT,
Income Details,M169,,,list,,Nature_TP,TO_IMPLEMENT,
Income Details,N169,,,list,,Nature_TP,TO_IMPLEMENT,
Income Details,O169,,,list,,Nature_TP,TO_IMPLEMENT,
Income Details,P169,,,list,,Nature_TP,TO_IMPLEMENT,
Income Details,Q169,,,list,,Nature_TP,TO_IMPLEMENT,
Income Details,R169,,,list,,Nature_TP,TO_IMPLEMENT,
Income Details,S169,,,list,,Nature_TP,TO_IMPLEMENT,
Income Details,AP168,Others.Amount,Amount,whole,,0,TO_IMPLEMENT,
Income Details,AP169,,Amount,whole,,0,TO_IMPLEMENT,
Income Details,AO83,IncD.Arrears,,whole,,0,TO_IMPLEMENT,
Income Details,AP83,,,whole,,0,TO_IMPLEMENT,
Income Details,AQ83,,,whole,,0,TO_IMPLEMENT,
Income Details,AR83,,,whole,,0,TO_IMPLEMENT,
Income Details,AS83,,,whole,,0,TO_IMPLEMENT,
Income Details,AT83,,,whole,,0,TO_IMPLEMENT,
Income Details,AU83,,,whole,,0,TO_IMPLEMENT,
Income Details,AV83,,,whole,,0,TO_IMPLEMENT,
Income Details,AW83,,,whole,,0,TO_IMPLEMENT,
Income Details,AO110,IncD.LessDeduction57,,whole,,0,TO_IMPLEMENT,
Income Details,AP110,,,whole,,0,TO_IMPLEMENT,
Income Details,AQ110,,,whole,,0,TO_IMPLEMENT,
Income Details,AR110,,,whole,,0,TO_IMPLEMENT,
Income Details,AS110,,,whole,,0,TO_IMPLEMENT,
Income Details,AT110,,,whole,,0,TO_IMPLEMENT,
Income Details,AU110,,,whole,,0,TO_IMPLEMENT,
Income Details,AV110,,,whole,,0,TO_IMPLEMENT,
Income Details,AW110,,,whole,,0,TO_IMPLEMENT,
Income Details,AO74,IncD.Deduction16,,whole,,0,TO_IMPLEMENT,
Income Details,AP74,,,whole,,0,TO_IMPLEMENT,
Income Details,AQ74,,,whole,,0,TO_IMPLEMENT,
Income Details,AR74,,,whole,,0,TO_IMPLEMENT,
Income Details,AS74,,,whole,,0,TO_IMPLEMENT,
Income Details,AT74,,,whole,,0,TO_IMPLEMENT,
Income Details,AU74,,,whole,,0,TO_IMPLEMENT,
Income Details,AV74,,,whole,,0,TO_IMPLEMENT,
Income Details,AW74,,,whole,,0,TO_IMPLEMENT,
Income Details,AB138,IncD.Section80CCG,5f,whole,,0,TO_IMPLEMENT,
Income Details,AC138,,5f,whole,,0,TO_IMPLEMENT,
Income Details,AD138,,5f,whole,,0,TO_IMPLEMENT,
Income Details,AE138,,5f,whole,,0,TO_IMPLEMENT,
Income Details,AF138,,5f,whole,,0,TO_IMPLEMENT,
Income Details,AG138,,5f,whole,,0,TO_IMPLEMENT,
Income Details,AH138,,5f,whole,,0,TO_IMPLEMENT,
Income Details,AI138,,5f,whole,,0,TO_IMPLEMENT,
Income Details,AJ138,,5f,whole,,0,TO_IMPLEMENT,
Income Details,AK138,,,whole,,0,TO_IMPLEMENT,
Income Details,AL138,,,whole,,0,TO_IMPLEMENT,
Income Details,AM138,,,whole,,0,TO_IMPLEMENT,
Income Details,AB158,IncD.Section80TTA,5q,whole,,0,TO_IMPLEMENT,
Income Details,AC158,,5q,whole,,0,TO_IMPLEMENT,
Income Details,AD158,,5q,whole,,0,TO_IMPLEMENT,
Income Details,AE158,,5q,whole,,0,TO_IMPLEMENT,
Income Details,AF158,,5q,whole,,0,TO_IMPLEMENT,
Income Details,AG158,,5q,whole,,0,TO_IMPLEMENT,
Income Details,AH158,,5q,whole,,0,TO_IMPLEMENT,
Income Details,AI158,,5q,whole,,0,TO_IMPLEMENT,
Income Details,AJ158,,5q,whole,,0,TO_IMPLEMENT,
Income Details,AK158,,,whole,,0,TO_IMPLEMENT,
Income Details,AL158,,,whole,,0,TO_IMPLEMENT,
Income Details,AO182,IncD.Section89,D6,whole,,0,TO_IMPLEMENT,
Income Details,AP182,,D6,whole,,0,TO_IMPLEMENT,
Income Details,AQ182,,D6,whole,,0,TO_IMPLEMENT,
Income Details,AR182,,D6,whole,,0,TO_IMPLEMENT,
Income Details,AS182,,D6,whole,,0,TO_IMPLEMENT,
Income Details,AT182,,D6,whole,,0,TO_IMPLEMENT,
Income Details,AU182,,D6,whole,,0,TO_IMPLEMENT,
Income Details,AV182,,D6,whole,,0,TO_IMPLEMENT,
Income Details,AW182,,D6,whole,,0,TO_IMPLEMENT,
Income Details,AO183,IncD.Section89A,13a,whole,,0,TO_IMPLEMENT,
Income Details,AP183,,13a,whole,,0,TO_IMPLEMENT,
Income Details,AQ183,,13a,whole,,0,TO_IMPLEMENT,
Income Details,AR183,,13a,whole,,0,TO_IMPLEMENT,
Income Details,AS183,,13a,whole,,0,TO_IMPLEMENT,
Income Details,AT183,,13a,whole,,0,TO_IMPLEMENT,
Income Details,AU183,,13a,whole,,0,TO_IMPLEMENT,
Income Details,AV183,,13a,whole,,0,TO_IMPLEMENT,
Income Details,AW183,,13a,whole,,0,TO_IMPLEMENT,
Income Details,AN141,IncD.Section80D_Calc,,whole,,0,TO_IMPLEMENT,
Income Details,AO141,,,whole,,0,TO_IMPLEMENT,
Income Details,AP141,,,whole,,0,TO_IMPLEMENT,
Income Details,AQ141,,,whole,,0,TO_IMPLEMENT,
Income Details,AR141,,,whole,,0,TO_IMPLEMENT,
Income Details,AS141,,,whole,,0,TO_IMPLEMENT,
Income Details,AT141,,,whole,,0,TO_IMPLEMENT,
Income Details,AU141,,,whole,,0,TO_IMPLEMENT,
Income Details,AV141,,,whole,,0,TO_IMPLEMENT,
Income Details,AW141,,,whole,,0,TO_IMPLEMENT,
Income Details,AN33,sheet1.SeventhProvisoFlag,,list,equal,"""(Select),Yes,No""",TO_IMPLEMENT,
Income Details,AO33,,,list,equal,"""(Select),Yes,No""",TO_IMPLEMENT,
Income Details,AP33,,,list,equal,"""(Select),Yes,No""",TO_IMPLEMENT,
Income Details,AQ33,,,list,equal,"""(Select),Yes,No""",TO_IMPLEMENT,
Income Details,AR33,,,list,equal,"""(Select),Yes,No""",TO_IMPLEMENT,
Income Details,AS33,,,list,equal,"""(Select),Yes,No""",TO_IMPLEMENT,
Income Details,AT33,,,list,equal,"""(Select),Yes,No""",TO_IMPLEMENT,
Income Details,AU33,,,list,equal,"""(Select),Yes,No""",TO_IMPLEMENT,
Income Details,AV33,,,list,equal,"""(Select),Yes,No""",TO_IMPLEMENT,
Income Details,AW33,,,list,equal,"""(Select),Yes,No""",TO_IMPLEMENT,
Income Details,AD34,Sheet1.DepositAmountFlag,,list,equal,"""(Select),Yes,No""",TO_IMPLEMENT,
Income Details,AE34,,,list,equal,"""(Select),Yes,No""",TO_IMPLEMENT,
Income Details,AF34,,,list,equal,"""(Select),Yes,No""",TO_IMPLEMENT,
Income Details,AG34,,,list,equal,"""(Select),Yes,No""",TO_IMPLEMENT,
Income Details,AH34,,,list,equal,"""(Select),Yes,No""",TO_IMPLEMENT,
Income Details,AI34,,,list,equal,"""(Select),Yes,No""",TO_IMPLEMENT,
Income Details,AJ34,,,list,equal,"""(Select),Yes,No""",TO_IMPLEMENT,
Income Details,AK34,,,list,equal,"""(Select),Yes,No""",TO_IMPLEMENT,
Income Details,AL34,,,list,equal,"""(Select),Yes,No""",TO_IMPLEMENT,
Income Details,AM34,,,list,equal,"""(Select),Yes,No""",TO_IMPLEMENT,
Income Details,AD35,Sheet1.AggrigateAmountFlag,,list,equal,"""(Select),Yes,No""",TO_IMPLEMENT,
Income Details,AE35,,,list,equal,"""(Select),Yes,No""",TO_IMPLEMENT,
Income Details,AF35,,,list,equal,"""(Select),Yes,No""",TO_IMPLEMENT,
Income Details,AG35,,,list,equal,"""(Select),Yes,No""",TO_IMPLEMENT,
Income Details,AH35,,,list,equal,"""(Select),Yes,No""",TO_IMPLEMENT,
Income Details,AI35,,,list,equal,"""(Select),Yes,No""",TO_IMPLEMENT,
Income Details,AJ35,,,list,equal,"""(Select),Yes,No""",TO_IMPLEMENT,
Income Details,AK35,,,list,equal,"""(Select),Yes,No""",TO_IMPLEMENT,
Income Details,AL35,,,list,equal,"""(Select),Yes,No""",TO_IMPLEMENT,
Income Details,AD36,Sheet1.AggrigateAmountFlag1,,list,equal,"""(Select),Yes,No""",TO_IMPLEMENT,
Income Details,AE36,,,list,equal,"""(Select),Yes,No""",TO_IMPLEMENT,
Income Details,AF36,,,list,equal,"""(Select),Yes,No""",TO_IMPLEMENT,
Income Details,AG36,,,list,equal,"""(Select),Yes,No""",TO_IMPLEMENT,
Income Details,AH36,,,list,equal,"""(Select),Yes,No""",TO_IMPLEMENT,
Income Details,AI36,,,list,equal,"""(Select),Yes,No""",TO_IMPLEMENT,
Income Details,AJ36,,,list,equal,"""(Select),Yes,No""",TO_IMPLEMENT,
Income Details,AK36,,,list,equal,"""(Select),Yes,No""",TO_IMPLEMENT,
Income Details,AL36,,,list,equal,"""(Select),Yes,No""",TO_IMPLEMENT,
Income Details,AO38,,,whole,,0,TO_IMPLEMENT,
Income Details,AP38,,,whole,,0,TO_IMPLEMENT,
Income Details,AQ38,,,whole,,0,TO_IMPLEMENT,
Income Details,AR38,,,whole,,0,TO_IMPLEMENT,
Income Details,AS38,,,whole,,0,TO_IMPLEMENT,
Income Details,AT38,,,whole,,0,TO_IMPLEMENT,
Income Details,AU38,,,whole,,0,TO_IMPLEMENT,
Income Details,AV38,,,whole,,0,TO_IMPLEMENT,
Income Details,AW38,,,whole,,0,TO_IMPLEMENT,
Income Details,AO39,,,whole,,0,TO_IMPLEMENT,
Income Details,AP39,,,whole,,0,TO_IMPLEMENT,
Income Details,AQ39,,,whole,,0,TO_IMPLEMENT,
Income Details,AR39,,,whole,,0,TO_IMPLEMENT,
Income Details,AS39,,,whole,,0,TO_IMPLEMENT,
Income Details,AT39,,,whole,,0,TO_IMPLEMENT,
Income Details,AU39,,,whole,,0,TO_IMPLEMENT,
Income Details,AV39,,,whole,,0,TO_IMPLEMENT,
Income Details,AW39,,,whole,,0,TO_IMPLEMENT,
Income Details,AO40,,,whole,,0,TO_IMPLEMENT,
Income Details,AP40,,,whole,,0,TO_IMPLEMENT,
Income Details,AQ40,,,whole,,0,TO_IMPLEMENT,
Income Details,AR40,,,whole,,0,TO_IMPLEMENT,
Income Details,AS40,,,whole,,0,TO_IMPLEMENT,
Income Details,AT40,,,whole,,0,TO_IMPLEMENT,
Income Details,AU40,,,whole,,0,TO_IMPLEMENT,
Income Details,AV40,,,whole,,0,TO_IMPLEMENT,
Income Details,AW40,,,whole,,0,TO_IMPLEMENT,
Income Details,AN34,Sheet1.DepositAmount,,whole,,0,TO_IMPLEMENT,
Income Details,AO34,,,whole,,0,TO_IMPLEMENT,
Income Details,AP34,,,whole,,0,TO_IMPLEMENT,
Income Details,AQ34,,,whole,,0,TO_IMPLEMENT,
Income Details,AR34,,,whole,,0,TO_IMPLEMENT,
Income Details,AS34,,,whole,,0,TO_IMPLEMENT,
Income Details,AT34,,,whole,,0,TO_IMPLEMENT,
Income Details,AU34,,,whole,,0,TO_IMPLEMENT,
Income Details,AV34,,,whole,,0,TO_IMPLEMENT,
Income Details,AW34,,,whole,,0,TO_IMPLEMENT,
Income Details,AN35,Sheet1.AggrigateAmount,,whole,,0,TO_IMPLEMENT,
Income Details,AO35,,,whole,,0,TO_IMPLEMENT,
Income Details,AP35,,,whole,,0,TO_IMPLEMENT,
Income Details,AQ35,,,whole,,0,TO_IMPLEMENT,
Income Details,AR35,,,whole,,0,TO_IMPLEMENT,
Income Details,AS35,,,whole,,0,TO_IMPLEMENT,
Income Details,AT35,,,whole,,0,TO_IMPLEMENT,
Income Details,AU35,,,whole,,0,TO_IMPLEMENT,
Income Details,AV35,,,whole,,0,TO_IMPLEMENT,
Income Details,AW35,,,whole,,0,TO_IMPLEMENT,
Income Details,AN36,Sheet1.AggrigateAmount1,,whole,,0,TO_IMPLEMENT,
Income Details,AO36,,,whole,,0,TO_IMPLEMENT,
Income Details,AP36,,,whole,,0,TO_IMPLEMENT,
Income Details,AQ36,,,whole,,0,TO_IMPLEMENT,
Income Details,AR36,,,whole,,0,TO_IMPLEMENT,
Income Details,AS36,,,whole,,0,TO_IMPLEMENT,
Income Details,AT36,,,whole,,0,TO_IMPLEMENT,
Income Details,AU36,,,whole,,0,TO_IMPLEMENT,
Income Details,AV36,,,whole,,0,TO_IMPLEMENT,
Income Details,AW36,,,whole,,0,TO_IMPLEMENT,
Income Details,AN38,clauseiv7provisio139iAmount_1,,whole,,0,TO_IMPLEMENT,
Income Details,AN39,clauseiv7provisio139iAmount_2,,whole,,0,TO_IMPLEMENT,
Income Details,AN40,clauseiv7provisio139iAmount_3,,whole,,0,TO_IMPLEMENT,
Income Details,AN41,clauseiv7provisio139iAmount_4,,whole,,0,TO_IMPLEMENT,
Income Details,AT30,sheet1.ZipCode1,ZIP Code,textLength,lessThanOrEqual,8,TO_IMPLEMENT,
Income Details,AU30,,,textLength,lessThanOrEqual,8,TO_IMPLEMENT,
Income Details,AV30,,,textLength,lessThanOrEqual,8,TO_IMPLEMENT,
Income Details,AW30,,,textLength,lessThanOrEqual,8,TO_IMPLEMENT,
Income Details,AT22,sheet1.ZipCode,ZIP Code,textLength,lessThanOrEqual,8,TO_IMPLEMENT,
Income Details,AU22,,,textLength,lessThanOrEqual,8,TO_IMPLEMENT,
Income Details,AV22,,,textLength,lessThanOrEqual,8,TO_IMPLEMENT,
Income Details,AW22,,,textLength,lessThanOrEqual,8,TO_IMPLEMENT,
Income Details,AO188,IncD.IntrstPayUs234F,D10,whole,lessThanOrEqual,10000,TO_IMPLEMENT,
Income Details,AP188,,D10,whole,lessThanOrEqual,10000,TO_IMPLEMENT,
Income Details,AQ188,,D10,whole,lessThanOrEqual,10000,TO_IMPLEMENT,
Income Details,AR188,,D10,whole,lessThanOrEqual,10000,TO_IMPLEMENT,
Income Details,AS188,,D10,whole,lessThanOrEqual,10000,TO_IMPLEMENT,
Income Details,AT188,,D10,whole,lessThanOrEqual,10000,TO_IMPLEMENT,
Income Details,AU188,,D10,whole,lessThanOrEqual,10000,TO_IMPLEMENT,
Income Details,AV188,,D10,whole,lessThanOrEqual,10000,TO_IMPLEMENT,
Income Details,AW188,,D10,whole,lessThanOrEqual,10000,TO_IMPLEMENT,
Income Details,AN31,,No ZIP Code,,equal,0,TO_IMPLEMENT,
Income Details,Z87,Nature_Others_2,Description ( If 'Any Other' selected),,,,TO_IMPLEMENT,
Income Details,Z88,,Description ( If 'Any Other' selected),,,,TO_IMPLEMENT,
Income Details,Z89,,Description ( If 'Any Other' selected),,,,TO_IMPLEMENT,
Income Details,Z90,,,,,,TO_IMPLEMENT,
Income Details,J87,Others.NOI_2,B3,list,,PART_Nature_2,TO_IMPLEMENT,
Income Details,K87,,B3,list,,PART_Nature_2,TO_IMPLEMENT,
Income Details,L87,,B3,list,,PART_Nature_2,TO_IMPLEMENT,
Income Details,M87,,B3,list,,PART_Nature_2,TO_IMPLEMENT,
Income Details,N87,,B3,list,,PART_Nature_2,TO_IMPLEMENT,
Income Details,O87,,B3,list,,PART_Nature_2,TO_IMPLEMENT,
Income Details,P87,,B3,list,,PART_Nature_2,TO_IMPLEMENT,
Income Details,Q87,,,list,,PART_Nature_2,TO_IMPLEMENT,
Income Details,R87,,,list,,PART_Nature_2,TO_IMPLEMENT,
Income Details,S87,,,list,,PART_Nature_2,TO_IMPLEMENT,
Income Details,T87,,,list,,PART_Nature_2,TO_IMPLEMENT,
Income Details,U87,,,list,,PART_Nature_2,TO_IMPLEMENT,
Income Details,V87,,,list,,PART_Nature_2,TO_IMPLEMENT,
Income Details,W87,,,list,,PART_Nature_2,TO_IMPLEMENT,
Income Details,X87,,,list,,PART_Nature_2,TO_IMPLEMENT,
Income Details,Y87,,,list,,PART_Nature_2,TO_IMPLEMENT,
Income Details,J88,,Nature of Income,list,,PART_Nature_2,TO_IMPLEMENT,
Income Details,K88,,,list,,PART_Nature_2,TO_IMPLEMENT,
Income Details,L88,,,list,,PART_Nature_2,TO_IMPLEMENT,
Income Details,M88,,,list,,PART_Nature_2,TO_IMPLEMENT,
Income Details,N88,,,list,,PART_Nature_2,TO_IMPLEMENT,
Income Details,O88,,,list,,PART_Nature_2,TO_IMPLEMENT,
Income Details,P88,,,list,,PART_Nature_2,TO_IMPLEMENT,
Income Details,Q88,,,list,,PART_Nature_2,TO_IMPLEMENT,
Income Details,R88,,,list,,PART_Nature_2,TO_IMPLEMENT,
Income Details,S88,,,list,,PART_Nature_2,TO_IMPLEMENT,
Income Details,T88,,,list,,PART_Nature_2,TO_IMPLEMENT,
Income Details,U88,,,list,,PART_Nature_2,TO_IMPLEMENT,
Income Details,V88,,,list,,PART_Nature_2,TO_IMPLEMENT,
Income Details,W88,,,list,,PART_Nature_2,TO_IMPLEMENT,
Income Details,X88,,,list,,PART_Nature_2,TO_IMPLEMENT,
Income Details,Y88,,,list,,PART_Nature_2,TO_IMPLEMENT,
Income Details,J89,,Nature of Income,list,,PART_Nature_2,TO_IMPLEMENT,
Income Details,K89,,,list,,PART_Nature_2,TO_IMPLEMENT,
Income Details,L89,,,list,,PART_Nature_2,TO_IMPLEMENT,
Income Details,M89,,,list,,PART_Nature_2,TO_IMPLEMENT,
Income Details,N89,,,list,,PART_Nature_2,TO_IMPLEMENT,
Income Details,O89,,,list,,PART_Nature_2,TO_IMPLEMENT,
Income Details,P89,,,list,,PART_Nature_2,TO_IMPLEMENT,
Income Details,Q89,,,list,,PART_Nature_2,TO_IMPLEMENT,
Income Details,R89,,,list,,PART_Nature_2,TO_IMPLEMENT,
Income Details,S89,,,list,,PART_Nature_2,TO_IMPLEMENT,
Income Details,T89,,,list,,PART_Nature_2,TO_IMPLEMENT,
Income Details,U89,,,list,,PART_Nature_2,TO_IMPLEMENT,
Income Details,V89,,,list,,PART_Nature_2,TO_IMPLEMENT,
Income Details,W89,,,list,,PART_Nature_2,TO_IMPLEMENT,
Income Details,X89,,,list,,PART_Nature_2,TO_IMPLEMENT,
Income Details,Y89,,,list,,PART_Nature_2,TO_IMPLEMENT,
Income Details,J90,,,list,,PART_Nature_2,TO_IMPLEMENT,
Income Details,K90,,,list,,PART_Nature_2,TO_IMPLEMENT,
Income Details,L90,,,list,,PART_Nature_2,TO_IMPLEMENT,
Income Details,M90,,,list,,PART_Nature_2,TO_IMPLEMENT,
Income Details,N90,,,list,,PART_Nature_2,TO_IMPLEMENT,
Income Details,O90,,,list,,PART_Nature_2,TO_IMPLEMENT,
Income Details,P90,,,list,,PART_Nature_2,TO_IMPLEMENT,
Income Details,Q90,,,list,,PART_Nature_2,TO_IMPLEMENT,
Income Details,R90,,,list,,PART_Nature_2,TO_IMPLEMENT,
Income Details,S90,,,list,,PART_Nature_2,TO_IMPLEMENT,
Income Details,T90,,,list,,PART_Nature_2,TO_IMPLEMENT,
Income Details,U90,,,list,,PART_Nature_2,TO_IMPLEMENT,
Income Details,V90,,,list,,PART_Nature_2,TO_IMPLEMENT,
Income Details,W90,,,list,,PART_Nature_2,TO_IMPLEMENT,
Income Details,X90,,,list,,PART_Nature_2,TO_IMPLEMENT,
Income Details,Y90,,,list,,PART_Nature_2,TO_IMPLEMENT,
Income Details,AO87,Others.Amount_2,Amount,whole,,0,TO_IMPLEMENT,
Income Details,AP87,,,whole,,0,TO_IMPLEMENT,
Income Details,AQ87,,,whole,,0,TO_IMPLEMENT,
Income Details,AR87,,,whole,,0,TO_IMPLEMENT,
Income Details,AS87,,,whole,,0,TO_IMPLEMENT,
Income Details,AT87,,,whole,,0,TO_IMPLEMENT,
Income Details,AU87,,,whole,,0,TO_IMPLEMENT,
Income Details,AV87,,,whole,,0,TO_IMPLEMENT,
Income Details,AW87,,,whole,,0,TO_IMPLEMENT,
Income Details,AO88,,Amount,whole,,0,TO_IMPLEMENT,
Income Details,AP88,,,whole,,0,TO_IMPLEMENT,
Income Details,AQ88,,,whole,,0,TO_IMPLEMENT,
Income Details,AR88,,,whole,,0,TO_IMPLEMENT,
Income Details,AS88,,,whole,,0,TO_IMPLEMENT,
Income Details,AT88,,,whole,,0,TO_IMPLEMENT,
Income Details,AU88,,,whole,,0,TO_IMPLEMENT,
Income Details,AV88,,,whole,,0,TO_IMPLEMENT,
Income Details,AW88,,,whole,,0,TO_IMPLEMENT,
Income Details,AO89,,Amount,whole,,0,TO_IMPLEMENT,
Income Details,AP89,,,whole,,0,TO_IMPLEMENT,
Income Details,AQ89,,,whole,,0,TO_IMPLEMENT,
Income Details,AR89,,,whole,,0,TO_IMPLEMENT,
Income Details,AS89,,,whole,,0,TO_IMPLEMENT,
Income Details,AT89,,,whole,,0,TO_IMPLEMENT,
Income Details,AU89,,,whole,,0,TO_IMPLEMENT,
Income Details,AV89,,,whole,,0,TO_IMPLEMENT,
Income Details,AW89,,,whole,,0,TO_IMPLEMENT,
Income Details,AO90,,,whole,,0,TO_IMPLEMENT,
Income Details,AP90,,,whole,,0,TO_IMPLEMENT,
Income Details,AQ90,,,whole,,0,TO_IMPLEMENT,
Income Details,AR90,,,whole,,0,TO_IMPLEMENT,
Income Details,AS90,,,whole,,0,TO_IMPLEMENT,
Income Details,AT90,,,whole,,0,TO_IMPLEMENT,
Income Details,AU90,,,whole,,0,TO_IMPLEMENT,
Income Details,AV90,,,whole,,0,TO_IMPLEMENT,
Income Details,AW90,,,whole,,0,TO_IMPLEMENT,
Income Details,AO111,IncD.GrossTotIncome,,whole,,0,TO_IMPLEMENT,
Income Details,AP111,,,whole,,0,TO_IMPLEMENT,
Income Details,AQ111,,,whole,,0,TO_IMPLEMENT,
Income Details,AR111,,,whole,,0,TO_IMPLEMENT,
Income Details,AS111,,,whole,,0,TO_IMPLEMENT,
Income Details,AT111,,,whole,,0,TO_IMPLEMENT,
Income Details,AU111,,,whole,,0,TO_IMPLEMENT,
Income Details,AV111,,,whole,,0,TO_IMPLEMENT,
Income Details,AW111,,,whole,,0,TO_IMPLEMENT,
Income Details,AO112,IncD.GrossTotIncome_New,,whole,,0,TO_IMPLEMENT,
Income Details,AP112,,,whole,,0,TO_IMPLEMENT,
Income Details,AQ112,,,whole,,0,TO_IMPLEMENT,
Income Details,AR112,,,whole,,0,TO_IMPLEMENT,
Income Details,AS112,,,whole,,0,TO_IMPLEMENT,
Income Details,AT112,,,whole,,0,TO_IMPLEMENT,
Income Details,AU112,,,whole,,0,TO_IMPLEMENT,
Income Details,AV112,,,whole,,0,TO_IMPLEMENT,
Income Details,AW112,,,whole,,0,TO_IMPLEMENT,
Income Details,AO104,IncD_q1div,,whole,,0,TO_IMPLEMENT,
Income Details,AP104,,,whole,,0,TO_IMPLEMENT,
Income Details,AQ104,,,whole,,0,TO_IMPLEMENT,
Income Details,AR104,,,whole,,0,TO_IMPLEMENT,
Income Details,AS104,,,whole,,0,TO_IMPLEMENT,
Income Details,AT104,,,whole,,0,TO_IMPLEMENT,
Income Details,AU104,,,whole,,0,TO_IMPLEMENT,
Income Details,AV104,,,whole,,0,TO_IMPLEMENT,
Income Details,AW104,,,whole,,0,TO_IMPLEMENT,
Income Details,AO105,IncD_q2div,,whole,,0,TO_IMPLEMENT,
Income Details,AP105,,,whole,,0,TO_IMPLEMENT,
Income Details,AQ105,,,whole,,0,TO_IMPLEMENT,
Income Details,AR105,,,whole,,0,TO_IMPLEMENT,
Income Details,AS105,,,whole,,0,TO_IMPLEMENT,
Income Details,AT105,,,whole,,0,TO_IMPLEMENT,
Income Details,AU105,,,whole,,0,TO_IMPLEMENT,
Income Details,AV105,,,whole,,0,TO_IMPLEMENT,
Income Details,AW105,,,whole,,0,TO_IMPLEMENT,
Income Details,AO106,IncD_q3div,,whole,,0,TO_IMPLEMENT,
Income Details,AP106,,,whole,,0,TO_IMPLEMENT,
Income Details,AQ106,,,whole,,0,TO_IMPLEMENT,
Income Details,AR106,,,whole,,0,TO_IMPLEMENT,
Income Details,AS106,,,whole,,0,TO_IMPLEMENT,
Income Details,AT106,,,whole,,0,TO_IMPLEMENT,
Income Details,AU106,,,whole,,0,TO_IMPLEMENT,
Income Details,AV106,,,whole,,0,TO_IMPLEMENT,
Income Details,AW106,,,whole,,0,TO_IMPLEMENT,
Income Details,AO107,IncD_q4div,,whole,,0,TO_IMPLEMENT,
Income Details,AP107,,,whole,,0,TO_IMPLEMENT,
Income Details,AQ107,,,whole,,0,TO_IMPLEMENT,
Income Details,AR107,,,whole,,0,TO_IMPLEMENT,
Income Details,AS107,,,whole,,0,TO_IMPLEMENT,
Income Details,AT107,,,whole,,0,TO_IMPLEMENT,
Income Details,AU107,,,whole,,0,TO_IMPLEMENT,
Income Details,AV107,,,whole,,0,TO_IMPLEMENT,
Income Details,AW107,,,whole,,0,TO_IMPLEMENT,
Income Details,AO108,IncD_q5div,,whole,,0,TO_IMPLEMENT,
Income Details,AP108,,,whole,,0,TO_IMPLEMENT,
Income Details,AQ108,,,whole,,0,TO_IMPLEMENT,
Income Details,AR108,,,whole,,0,TO_IMPLEMENT,
Income Details,AS108,,,whole,,0,TO_IMPLEMENT,
Income Details,AT108,,,whole,,0,TO_IMPLEMENT,
Income Details,AU108,,,whole,,0,TO_IMPLEMENT,
Income Details,AV108,,,whole,,0,TO_IMPLEMENT,
Income Details,AW108,,,whole,,0,TO_IMPLEMENT,
Income Details,AO58,IncomeNotified89A,,whole,,0,TO_IMPLEMENT,
Income Details,AP58,,,whole,,0,TO_IMPLEMENT,
Income Details,AQ58,,,whole,,0,TO_IMPLEMENT,
Income Details,AR58,,,whole,,0,TO_IMPLEMENT,
Income Details,AS58,,,whole,,0,TO_IMPLEMENT,
Income Details,AT58,,,whole,,0,TO_IMPLEMENT,
Income Details,AU58,,,whole,,0,TO_IMPLEMENT,
Income Details,AV58,,,whole,,0,TO_IMPLEMENT,
Income Details,AW58,,,whole,,0,TO_IMPLEMENT,
Income Details,AO60,IncomeNotified89A_AmountUS,Amount,whole,,0,TO_IMPLEMENT,
Income Details,AO61,IncomeNotified89A_AmountUK,Amount,whole,,0,TO_IMPLEMENT,
Income Details,AO62,IncomeNotified89A_AmountCan,Amount,whole,,0,TO_IMPLEMENT,
Income Details,AO63,IncomeNotifiedOther89A,,whole,,0,TO_IMPLEMENT,
Income Details,AP63,,,whole,,0,TO_IMPLEMENT,
Income Details,AQ63,,,whole,,0,TO_IMPLEMENT,
Income Details,AR63,,,whole,,0,TO_IMPLEMENT,
Income Details,AS63,,,whole,,0,TO_IMPLEMENT,
Income Details,AT63,,,whole,,0,TO_IMPLEMENT,
Income Details,AU63,,,whole,,0,TO_IMPLEMENT,
Income Details,AV63,,,whole,,0,TO_IMPLEMENT,
Income Details,AW63,,,whole,,0,TO_IMPLEMENT,
Income Details,AN37,clauseiv7provisio139iFlg,,list,,"""(Select),Yes,No""",TO_IMPLEMENT,
Income Details,AO37,,,list,,"""(Select),Yes,No""",TO_IMPLEMENT,
Income Details,AP37,,,list,,"""(Select),Yes,No""",TO_IMPLEMENT,
Income Details,AQ37,,,list,,"""(Select),Yes,No""",TO_IMPLEMENT,
Income Details,AR37,,,list,,"""(Select),Yes,No""",TO_IMPLEMENT,
Income Details,AS37,,,list,,"""(Select),Yes,No""",TO_IMPLEMENT,
Income Details,AT37,,,list,,"""(Select),Yes,No""",TO_IMPLEMENT,
Income Details,AU37,,,list,,"""(Select),Yes,No""",TO_IMPLEMENT,
Income Details,AV37,,,list,,"""(Select),Yes,No""",TO_IMPLEMENT,
Income Details,AW37,,,list,,"""(Select),Yes,No""",TO_IMPLEMENT,
Income Details,AD38,clauseiv7provisio139iFlg_1,,list,,"""(Select),Yes,No""",TO_IMPLEMENT,
Income Details,AE38,,,list,,"""(Select),Yes,No""",TO_IMPLEMENT,
Income Details,AF38,,,list,,"""(Select),Yes,No""",TO_IMPLEMENT,
Income Details,AG38,,,list,,"""(Select),Yes,No""",TO_IMPLEMENT,
Income Details,AH38,,,list,,"""(Select),Yes,No""",TO_IMPLEMENT,
Income Details,AI38,,,list,,"""(Select),Yes,No""",TO_IMPLEMENT,
Income Details,AJ38,,,list,,"""(Select),Yes,No""",TO_IMPLEMENT,
Income Details,AK38,,,list,,"""(Select),Yes,No""",TO_IMPLEMENT,
Income Details,AL38,,,list,,"""(Select),Yes,No""",TO_IMPLEMENT,
Income Details,AD39,clauseiv7provisio139iFlg_2,,list,,"""(Select),Yes,No""",TO_IMPLEMENT,
Income Details,AE39,,,list,,"""(Select),Yes,No""",TO_IMPLEMENT,
Income Details,AF39,,,list,,"""(Select),Yes,No""",TO_IMPLEMENT,
Income Details,AG39,,,list,,"""(Select),Yes,No""",TO_IMPLEMENT,
Income Details,AH39,,,list,,"""(Select),Yes,No""",TO_IMPLEMENT,
Income Details,AI39,,,list,,"""(Select),Yes,No""",TO_IMPLEMENT,
Income Details,AJ39,,,list,,"""(Select),Yes,No""",TO_IMPLEMENT,
Income Details,AK39,,,list,,"""(Select),Yes,No""",TO_IMPLEMENT,
Income Details,AL39,,,list,,"""(Select),Yes,No""",TO_IMPLEMENT,
Income Details,AD40,clauseiv7provisio139iFlg_3,,list,,"""(Select),Yes,No""",TO_IMPLEMENT,
Income Details,AE40,,,list,,"""(Select),Yes,No""",TO_IMPLEMENT,
Income Details,AF40,,,list,,"""(Select),Yes,No""",TO_IMPLEMENT,
Income Details,AG40,,,list,,"""(Select),Yes,No""",TO_IMPLEMENT,
Income Details,AH40,,,list,,"""(Select),Yes,No""",TO_IMPLEMENT,
Income Details,AI40,,,list,,"""(Select),Yes,No""",TO_IMPLEMENT,
Income Details,AJ40,,,list,,"""(Select),Yes,No""",TO_IMPLEMENT,
Income Details,AK40,,,list,,"""(Select),Yes,No""",TO_IMPLEMENT,
Income Details,AL40,,,list,,"""(Select),Yes,No""",TO_IMPLEMENT,
Income Details,AD41,clauseiv7provisio139iFlg_4,,list,,"""(Select),Yes,No""",TO_IMPLEMENT,
Income Details,AE41,,,list,,"""(Select),Yes,No""",TO_IMPLEMENT,
Income Details,AF41,,,list,,"""(Select),Yes,No""",TO_IMPLEMENT,
Income Details,AG41,,,list,,"""(Select),Yes,No""",TO_IMPLEMENT,
Income Details,AH41,,,list,,"""(Select),Yes,No""",TO_IMPLEMENT,
Income Details,AI41,,,list,,"""(Select),Yes,No""",TO_IMPLEMENT,
Income Details,AJ41,,,list,,"""(Select),Yes,No""",TO_IMPLEMENT,
Income Details,AK41,,,list,,"""(Select),Yes,No""",TO_IMPLEMENT,
Income Details,AL41,,,list,,"""(Select),Yes,No""",TO_IMPLEMENT,
Income Details,AO94,OSIncomeNotified89A_AmountUS,,whole,,0,TO_IMPLEMENT,
Income Details,AP94,,,whole,,0,TO_IMPLEMENT,
Income Details,AQ94,,,whole,,0,TO_IMPLEMENT,
Income Details,AR94,,,whole,,0,TO_IMPLEMENT,
Income Details,AS94,,,whole,,0,TO_IMPLEMENT,
Income Details,AT94,,,whole,,0,TO_IMPLEMENT,
Income Details,AU94,,,whole,,0,TO_IMPLEMENT,
Income Details,AV94,,,whole,,0,TO_IMPLEMENT,
Income Details,AW94,,,whole,,0,TO_IMPLEMENT,
Income Details,AO95,OSIncomeNotified89A_AmountUK,,whole,,0,TO_IMPLEMENT,
Income Details,AP95,,,whole,,0,TO_IMPLEMENT,
Income Details,AQ95,,,whole,,0,TO_IMPLEMENT,
Income Details,AR95,,,whole,,0,TO_IMPLEMENT,
Income Details,AS95,,,whole,,0,TO_IMPLEMENT,
Income Details,AT95,,,whole,,0,TO_IMPLEMENT,
Income Details,AU95,,,whole,,0,TO_IMPLEMENT,
Income Details,AV95,,,whole,,0,TO_IMPLEMENT,
Income Details,AW95,,,whole,,0,TO_IMPLEMENT,
Income Details,AO96,OSIncomeNotified89A_AmountCan,,whole,,0,TO_IMPLEMENT,
Income Details,AP96,,,whole,,0,TO_IMPLEMENT,
Income Details,AQ96,,,whole,,0,TO_IMPLEMENT,
Income Details,AR96,,,whole,,0,TO_IMPLEMENT,
Income Details,AS96,,,whole,,0,TO_IMPLEMENT,
Income Details,AT96,,,whole,,0,TO_IMPLEMENT,
Income Details,AU96,,,whole,,0,TO_IMPLEMENT,
Income Details,AV96,,,whole,,0,TO_IMPLEMENT,
Income Details,AW96,,,whole,,0,TO_IMPLEMENT,
Income Details,AO98,IncD_q1OS1,,whole,,0,TO_IMPLEMENT,
Income Details,AP98,,,whole,,0,TO_IMPLEMENT,
Income Details,AQ98,,,whole,,0,TO_IMPLEMENT,
Income Details,AR98,,,whole,,0,TO_IMPLEMENT,
Income Details,AS98,,,whole,,0,TO_IMPLEMENT,
Income Details,AT98,,,whole,,0,TO_IMPLEMENT,
Income Details,AU98,,,whole,,0,TO_IMPLEMENT,
Income Details,AV98,,,whole,,0,TO_IMPLEMENT,
Income Details,AW98,,,whole,,0,TO_IMPLEMENT,
Income Details,AO99,IncD_q2OS1,,whole,,0,TO_IMPLEMENT,
Income Details,AP99,,,whole,,0,TO_IMPLEMENT,
Income Details,AQ99,,,whole,,0,TO_IMPLEMENT,
Income Details,AR99,,,whole,,0,TO_IMPLEMENT,
Income Details,AS99,,,whole,,0,TO_IMPLEMENT,
Income Details,AT99,,,whole,,0,TO_IMPLEMENT,
Income Details,AU99,,,whole,,0,TO_IMPLEMENT,
Income Details,AV99,,,whole,,0,TO_IMPLEMENT,
Income Details,AW99,,,whole,,0,TO_IMPLEMENT,
Income Details,AO100,IncD_q3OS1,,whole,,0,TO_IMPLEMENT,
Income Details,AP100,,,whole,,0,TO_IMPLEMENT,
Income Details,AQ100,,,whole,,0,TO_IMPLEMENT,
Income Details,AR100,,,whole,,0,TO_IMPLEMENT,
Income Details,AS100,,,whole,,0,TO_IMPLEMENT,
Income Details,AT100,,,whole,,0,TO_IMPLEMENT,
Income Details,AU100,,,whole,,0,TO_IMPLEMENT,
Income Details,AV100,,,whole,,0,TO_IMPLEMENT,
Income Details,AW100,,,whole,,0,TO_IMPLEMENT,
Income Details,AO101,IncD_q4OS1,,whole,,0,TO_IMPLEMENT,
Income Details,AP101,,,whole,,0,TO_IMPLEMENT,
Income Details,AQ101,,,whole,,0,TO_IMPLEMENT,
Income Details,AR101,,,whole,,0,TO_IMPLEMENT,
Income Details,AS101,,,whole,,0,TO_IMPLEMENT,
Income Details,AT101,,,whole,,0,TO_IMPLEMENT,
Income Details,AU101,,,whole,,0,TO_IMPLEMENT,
Income Details,AV101,,,whole,,0,TO_IMPLEMENT,
Income Details,AW101,,,whole,,0,TO_IMPLEMENT,
Income Details,AO102,IncD_q5OS1,,whole,,0,TO_IMPLEMENT,
Income Details,AP102,,,whole,,0,TO_IMPLEMENT,
Income Details,AQ102,,,whole,,0,TO_IMPLEMENT,
Income Details,AR102,,,whole,,0,TO_IMPLEMENT,
Income Details,AS102,,,whole,,0,TO_IMPLEMENT,
Income Details,AT102,,,whole,,0,TO_IMPLEMENT,
Income Details,AU102,,,whole,,0,TO_IMPLEMENT,
Income Details,AV102,,,whole,,0,TO_IMPLEMENT,
Income Details,AW102,,,whole,,0,TO_IMPLEMENT,
Income Details,AO92,OSIncomeNotifiedOther89A,,whole,,0,TO_IMPLEMENT,
Income Details,AP92,,,whole,,0,TO_IMPLEMENT,
Income Details,AQ92,,,whole,,0,TO_IMPLEMENT,
Income Details,AR92,,,whole,,0,TO_IMPLEMENT,
Income Details,AS92,,,whole,,0,TO_IMPLEMENT,
Income Details,AT92,,,whole,,0,TO_IMPLEMENT,
Income Details,AU92,,,whole,,0,TO_IMPLEMENT,
Income Details,AV92,,,whole,,0,TO_IMPLEMENT,
Income Details,AW92,,,whole,,0,TO_IMPLEMENT,
Income Details,AO109,OSIncreliefus89A,,whole,,0,TO_IMPLEMENT,
Income Details,AP109,,,whole,,0,TO_IMPLEMENT,
Income Details,AQ109,,,whole,,0,TO_IMPLEMENT,
Income Details,AR109,,,whole,,0,TO_IMPLEMENT,
Income Details,AS109,,,whole,,0,TO_IMPLEMENT,
Income Details,AT109,,,whole,,0,TO_IMPLEMENT,
Income Details,AU109,,,whole,,0,TO_IMPLEMENT,
Income Details,AV109,,,whole,,0,TO_IMPLEMENT,
Income Details,AW109,,,whole,,0,TO_IMPLEMENT,
Income Details,AB150,IncD.Section80EEB,5l,whole,,0,TO_IMPLEMENT,
Income Details,AC150,,5l,whole,,0,TO_IMPLEMENT,
Income Details,AD150,,5l,whole,,0,TO_IMPLEMENT,
Income Details,AE150,,5l,whole,,0,TO_IMPLEMENT,
Income Details,AF150,,5l,whole,,0,TO_IMPLEMENT,
Income Details,AG150,,5l,whole,,0,TO_IMPLEMENT,
Income Details,AH150,,5l,whole,,0,TO_IMPLEMENT,
Income Details,AI150,,5l,whole,,0,TO_IMPLEMENT,
Income Details,AJ150,,5l,whole,,0,TO_IMPLEMENT,
Income Details,AK150,,,whole,,0,TO_IMPLEMENT,
Income Details,AL150,,,whole,,0,TO_IMPLEMENT,
Income Details,AO70,Increliefus89A,,whole,,0,TO_IMPLEMENT,
Income Details,AP70,,,whole,,0,TO_IMPLEMENT,
Income Details,AQ70,,,whole,,0,TO_IMPLEMENT,
Income Details,AR70,,,whole,,0,TO_IMPLEMENT,
Income Details,AS70,,,whole,,0,TO_IMPLEMENT,
Income Details,AT70,,,whole,,0,TO_IMPLEMENT,
Income Details,AU70,,,whole,,0,TO_IMPLEMENT,
Income Details,AV70,,,whole,,0,TO_IMPLEMENT,
Income Details,AW70,,,whole,,0,TO_IMPLEMENT,
Income Details,AB149,IncD.Section80EEA,5k,whole,,0,TO_IMPLEMENT,
Income Details,AC149,,5k,whole,,0,TO_IMPLEMENT,
Income Details,AD149,,5k,whole,,0,TO_IMPLEMENT,
Income Details,AE149,,5k,whole,,0,TO_IMPLEMENT,
Income Details,AF149,,5k,whole,,0,TO_IMPLEMENT,
Income Details,AG149,,5k,whole,,0,TO_IMPLEMENT,
Income Details,AH149,,5k,whole,,0,TO_IMPLEMENT,
Income Details,AI149,,5k,whole,,0,TO_IMPLEMENT,
Income Details,AJ149,,5k,whole,,0,TO_IMPLEMENT,
Income Details,AK149,,,whole,,0,TO_IMPLEMENT,
Income Details,AL149,,,whole,,0,TO_IMPLEMENT,
Income Details,K162,,Any Other deductions,,,,TO_IMPLEMENT,
Income Details,L162,,Any Other deductions,,,,TO_IMPLEMENT,
Income Details,M162,,Any Other deductions,,,,TO_IMPLEMENT,
Income Details,N162,,Any Other deductions,,,,TO_IMPLEMENT,
Income Details,O162,,Any Other deductions,,,,TO_IMPLEMENT,
Income Details,P162,,Any Other deductions,,,,TO_IMPLEMENT,
Income Details,Q162,,Any Other deductions,,,,TO_IMPLEMENT,
Income Details,R162,,Any Other deductions,,,,TO_IMPLEMENT,
Income Details,S162,,Any Other deductions,,,,TO_IMPLEMENT,
Income Details,T162,,,,,,TO_IMPLEMENT,
Income Details,U162,,,,,,TO_IMPLEMENT,
Income Details,V162,,,,,,TO_IMPLEMENT,
Income Details,W162,,,,,,TO_IMPLEMENT,
Income Details,X162,,,,,,TO_IMPLEMENT,
Income Details,AB161,IncD.AnyOtherDeductions,5t,whole,,0,TO_IMPLEMENT,
Income Details,AC161,,5t,whole,,0,TO_IMPLEMENT,
Income Details,AD161,,5t,whole,,0,TO_IMPLEMENT,
Income Details,AE161,,5t,whole,,0,TO_IMPLEMENT,
Income Details,AF161,,5t,whole,,0,TO_IMPLEMENT,
Income Details,AG161,,5t,whole,,0,TO_IMPLEMENT,
Income Details,AH161,,5t,whole,,0,TO_IMPLEMENT,
Income Details,AI161,,5t,whole,,0,TO_IMPLEMENT,
Income Details,AJ161,,5t,whole,,0,TO_IMPLEMENT,
Income Details,AK161,,,whole,,0,TO_IMPLEMENT,
Income Details,AL161,,,whole,,0,TO_IMPLEMENT,
Income Details,AB162,,5u,whole,,0,TO_IMPLEMENT,
Income Details,AC162,,5u,whole,,0,TO_IMPLEMENT,
Income Details,AD162,,5u,whole,,0,TO_IMPLEMENT,
Income Details,AE162,,5u,whole,,0,TO_IMPLEMENT,
Income Details,AF162,,5u,whole,,0,TO_IMPLEMENT,
Income Details,AG162,,5u,whole,,0,TO_IMPLEMENT,
Income Details,AH162,,5u,whole,,0,TO_IMPLEMENT,
Income Details,AI162,,5u,whole,,0,TO_IMPLEMENT,
Income Details,AJ162,,5u,whole,,0,TO_IMPLEMENT,
Income Details,AK162,,,whole,,0,TO_IMPLEMENT,
Income Details,AL162,,,whole,,0,TO_IMPLEMENT,
Income Details,P53,Due_DateITR1,Due Date of filing of ITR,textLength,equal,10,TO_IMPLEMENT,
Income Details,Q53,,31/07/2026,textLength,equal,10,TO_IMPLEMENT,
Income Details,R53,,31/07/2026,textLength,equal,10,TO_IMPLEMENT,
Income Details,S53,,31/07/2026,textLength,equal,10,TO_IMPLEMENT,
Income Details,T53,,31/07/2026,textLength,equal,10,TO_IMPLEMENT,
Income Details,U53,,31/07/2026,textLength,equal,10,TO_IMPLEMENT,
Income Details,V53,,31/07/2026,textLength,equal,10,TO_IMPLEMENT,
Income Details,W53,,31/07/2026,textLength,equal,10,TO_IMPLEMENT,
Income Details,X53,,31/07/2026,textLength,equal,10,TO_IMPLEMENT,
Income Details,Y53,,31/07/2026,textLength,equal,10,TO_IMPLEMENT,
Income Details,Z53,,31/07/2026,textLength,equal,10,TO_IMPLEMENT,
Income Details,AA53,,31/07/2026,textLength,equal,10,TO_IMPLEMENT,
Income Details,AB53,,,textLength,equal,10,TO_IMPLEMENT,
Income Details,AC53,,,textLength,equal,10,TO_IMPLEMENT,
Income Details,AD53,,,textLength,equal,10,TO_IMPLEMENT,
Income Details,AE53,,,textLength,equal,10,TO_IMPLEMENT,
Income Details,AF53,,,textLength,equal,10,TO_IMPLEMENT,
Income Details,AG53,,,textLength,equal,10,TO_IMPLEMENT,
Income Details,AH53,,,textLength,equal,10,TO_IMPLEMENT,
Income Details,AI53,,,textLength,equal,10,TO_IMPLEMENT,
Income Details,AJ53,,,textLength,equal,10,TO_IMPLEMENT,
Income Details,AK53,,,textLength,equal,10,TO_IMPLEMENT,
Income Details,AL53,,,textLength,equal,10,TO_IMPLEMENT,
Income Details,AM53,,,textLength,equal,10,TO_IMPLEMENT,
Income Details,AN53,,,textLength,equal,10,TO_IMPLEMENT,
Income Details,AO53,,,textLength,equal,10,TO_IMPLEMENT,
Income Details,AP53,,,textLength,equal,10,TO_IMPLEMENT,
Income Details,AQ53,,,textLength,equal,10,TO_IMPLEMENT,
Income Details,AR53,,,textLength,equal,10,TO_IMPLEMENT,
Income Details,AS53,,,textLength,equal,10,TO_IMPLEMENT,
Income Details,AT53,,,textLength,equal,10,TO_IMPLEMENT,
Income Details,AU53,,,textLength,equal,10,TO_IMPLEMENT,
Income Details,AV53,,,textLength,equal,10,TO_IMPLEMENT,
Income Details,AW53,,,textLength,equal,10,TO_IMPLEMENT,
Income Details,AO103,IncD.Div,,whole,,0,TO_IMPLEMENT,
Income Details,AP103,,,whole,,0,TO_IMPLEMENT,
Income Details,AQ103,,,whole,,0,TO_IMPLEMENT,
Income Details,AR103,,,whole,,0,TO_IMPLEMENT,
Income Details,AS103,,,whole,,0,TO_IMPLEMENT,
Income Details,AT103,,,whole,,0,TO_IMPLEMENT,
Income Details,AU103,,,whole,,0,TO_IMPLEMENT,
Income Details,AV103,,,whole,,0,TO_IMPLEMENT,
Income Details,AW103,,,whole,,0,TO_IMPLEMENT,
Income Details,AO173,IncD.Sale_LTCG,,whole,,0,TO_IMPLEMENT,
Income Details,AP173,,,whole,,0,TO_IMPLEMENT,
Income Details,AQ173,,,whole,,0,TO_IMPLEMENT,
Income Details,AR173,,,whole,,0,TO_IMPLEMENT,
Income Details,AS173,,,whole,,0,TO_IMPLEMENT,
Income Details,AT173,,,whole,,0,TO_IMPLEMENT,
Income Details,AU173,,,whole,,0,TO_IMPLEMENT,
Income Details,AV173,,,whole,,0,TO_IMPLEMENT,
Income Details,AW173,,,whole,,0,TO_IMPLEMENT,
Income Details,AO174,IncD.Cost_LTCG,ii,whole,,0,TO_IMPLEMENT,
Income Details,AP174,,ii,whole,,0,TO_IMPLEMENT,
Income Details,AQ174,,ii,whole,,0,TO_IMPLEMENT,
Income Details,AR174,,ii,whole,,0,TO_IMPLEMENT,
Income Details,AS174,,ii,whole,,0,TO_IMPLEMENT,
Income Details,AT174,,ii,whole,,0,TO_IMPLEMENT,
Income Details,AU174,,ii,whole,,0,TO_IMPLEMENT,
Income Details,AV174,,ii,whole,,0,TO_IMPLEMENT,
Income Details,AW174,,ii,whole,,0,TO_IMPLEMENT,
Income Details,AO175,IncD.CG_LTCG,iii,whole,,0,TO_IMPLEMENT,
Income Details,AP175,,iii,whole,,0,TO_IMPLEMENT,
Income Details,AQ175,,iii,whole,,0,TO_IMPLEMENT,
Income Details,AR175,,iii,whole,,0,TO_IMPLEMENT,
Income Details,AS175,,iii,whole,,0,TO_IMPLEMENT,
Income Details,AT175,,iii,whole,,0,TO_IMPLEMENT,
Income Details,AU175,,iii,whole,,0,TO_IMPLEMENT,
Income Details,AV175,,iii,whole,,0,TO_IMPLEMENT,
Income Details,AW175,,iii,whole,,0,TO_IMPLEMENT,
Income Details,H146,SELECT80DDS,80DDB - Medical treatment of specified disease,list,,Selection80DDB,TO_IMPLEMENT,
Income Details,I146,,(Select),list,,Selection80DDB,TO_IMPLEMENT,
Income Details,J146,,(Select),list,,Selection80DDB,TO_IMPLEMENT,
Income Details,K146,Sheet1.Specified_Disease,(Select),list,,Specified_Disease,TO_IMPLEMENT,
Income Details,L146,,(Select),list,,Specified_Disease,TO_IMPLEMENT,
Income Details,M146,,(Select),list,,Specified_Disease,TO_IMPLEMENT,
Income Details,N146,,(Select),list,,Specified_Disease,TO_IMPLEMENT,
Income Details,O146,,(Select),list,,Specified_Disease,TO_IMPLEMENT,
Income Details,P146,,(Select),list,,Specified_Disease,TO_IMPLEMENT,
Income Details,Q146,,(Select),list,,Specified_Disease,TO_IMPLEMENT,
Income Details,R146,,(Select),list,,Specified_Disease,TO_IMPLEMENT,
Income Details,S146,,(Select),list,,Specified_Disease,TO_IMPLEMENT,
Income Details,T146,,(Select),list,,Specified_Disease,TO_IMPLEMENT,
Income Details,U146,,(Select),list,,Specified_Disease,TO_IMPLEMENT,
Income Details,V146,,(Select),list,,Specified_Disease,TO_IMPLEMENT,
Income Details,W146,,,list,,Specified_Disease,TO_IMPLEMENT,
Income Details,X146,,,list,,Specified_Disease,TO_IMPLEMENT,
Income Details,K139,,PRAN of the taxpayer,textLength,equal,12,TO_IMPLEMENT,
Income Details,L139,,PRAN of the taxpayer,textLength,equal,12,TO_IMPLEMENT,
Income Details,M139,,PRAN of the taxpayer,textLength,equal,12,TO_IMPLEMENT,
Income Details,N139,,PRAN of the taxpayer,textLength,equal,12,TO_IMPLEMENT,
Income Details,O139,,PRAN of the taxpayer,textLength,equal,12,TO_IMPLEMENT,
Income Details,P139,,PRAN of the taxpayer,textLength,equal,12,TO_IMPLEMENT,
Income Details,Q139,,PRAN of the taxpayer,textLength,equal,12,TO_IMPLEMENT,
Income Details,R139,,,textLength,equal,12,TO_IMPLEMENT,
Income Details,S139,,,textLength,equal,12,TO_IMPLEMENT,
Income Details,T139,,,textLength,equal,12,TO_IMPLEMENT,
Income Details,U139,,,textLength,equal,12,TO_IMPLEMENT,
Income Details,V139,,,textLength,equal,12,TO_IMPLEMENT,
Income Details,W139,,,textLength,equal,12,TO_IMPLEMENT,
Income Details,X139,,,textLength,equal,12,TO_IMPLEMENT,
Income Details,L153,Sheet1.AckNum,Acknowledgement number of Form 10BA,whole,,100000000000000,TO_IMPLEMENT,
Income Details,AO69,Sheet1.HRA,,whole,,0,TO_IMPLEMENT,
Income Details,AP69,,,whole,,0,TO_IMPLEMENT,
Income Details,AQ69,,,whole,,0,TO_IMPLEMENT,
Income Details,AR69,,,whole,,0,TO_IMPLEMENT,
Income Details,AS69,,,whole,,0,TO_IMPLEMENT,
Income Details,AT69,,,whole,,0,TO_IMPLEMENT,
Income Details,AU69,,,whole,,0,TO_IMPLEMENT,
Income Details,AV69,,,whole,,0,TO_IMPLEMENT,
Income Details,AW69,,,whole,,0,TO_IMPLEMENT,
Income Details,E49,,"""Tax payer is required to select section as ""139(8A) in Part A General"" while filing corrected return in response to notice u/s 139(9) issued against the ITR fi",textLength,lessThan,10,TO_IMPLEMENT,
Income Details,F49,,If revised/defective then enter,textLength,lessThan,10,TO_IMPLEMENT,
Income Details,G49,,If revised/defective then enter,textLength,lessThan,10,TO_IMPLEMENT,
Income Details,H49,,If revised/defective then enter,textLength,lessThan,10,TO_IMPLEMENT,
Income Details,I49,,If revised/defective then enter,textLength,lessThan,10,TO_IMPLEMENT,
Income Details,J49,,If revised/defective then enter,textLength,lessThan,10,TO_IMPLEMENT,
Income Details,K49,,If revised/defective then enter,textLength,lessThan,10,TO_IMPLEMENT,
Income Details,L49,,If revised/defective then enter,textLength,lessThan,10,TO_IMPLEMENT,
Income Details,M49,,If revised/defective then enter,textLength,lessThan,10,TO_IMPLEMENT,
Income Details,N49,,If revised/defective then enter,textLength,lessThan,10,TO_IMPLEMENT,
Income Details,O49,,If revised/defective then enter,textLength,lessThan,10,TO_IMPLEMENT,
Income Details,P49,,If revised/defective then enter,textLength,lessThan,10,TO_IMPLEMENT,
Income Details,Q49,,,textLength,lessThan,10,TO_IMPLEMENT,
Income Details,R49,,,textLength,lessThan,10,TO_IMPLEMENT,
Income Details,S49,,,textLength,lessThan,10,TO_IMPLEMENT,
Income Details,T49,,,textLength,lessThan,10,TO_IMPLEMENT,
Income Details,U49,,,textLength,lessThan,10,TO_IMPLEMENT,
Income Details,V49,,,textLength,lessThan,10,TO_IMPLEMENT,
Income Details,W49,,,textLength,lessThan,10,TO_IMPLEMENT,
Income Details,X49,,,textLength,lessThan,10,TO_IMPLEMENT,
Income Details,Y49,,,textLength,lessThan,10,TO_IMPLEMENT,
Income Details,Z49,,,textLength,lessThan,10,TO_IMPLEMENT,
Income Details,AA49,,,textLength,lessThan,10,TO_IMPLEMENT,
Income Details,AB49,,,textLength,lessThan,10,TO_IMPLEMENT,
Income Details,AC49,,139(1)-On or before due date,textLength,lessThan,10,TO_IMPLEMENT,
Income Details,AD49,,,textLength,lessThan,10,TO_IMPLEMENT,
Income Details,AE49,,,textLength,lessThan,10,TO_IMPLEMENT,
Income Details,AF49,,,textLength,lessThan,10,TO_IMPLEMENT,
Income Details,AG49,,,textLength,lessThan,10,TO_IMPLEMENT,
Income Details,AH49,,,textLength,lessThan,10,TO_IMPLEMENT,
Income Details,AI49,,,textLength,lessThan,10,TO_IMPLEMENT,
Income Details,AJ49,,,textLength,lessThan,10,TO_IMPLEMENT,
Income Details,AK49,,,textLength,lessThan,10,TO_IMPLEMENT,
Income Details,AL49,,,textLength,lessThan,10,TO_IMPLEMENT,
Income Details,AM49,,,textLength,lessThan,10,TO_IMPLEMENT,
Income Details,AN49,,,textLength,lessThan,10,TO_IMPLEMENT,
Income Details,AO49,,,textLength,lessThan,10,TO_IMPLEMENT,
Income Details,AP49,,,textLength,lessThan,10,TO_IMPLEMENT,
Income Details,AQ49,,,textLength,lessThan,10,TO_IMPLEMENT,
Income Details,AR49,,,textLength,lessThan,10,TO_IMPLEMENT,
Income Details,AS49,,,textLength,lessThan,10,TO_IMPLEMENT,
Income Details,AT49,,,textLength,lessThan,10,TO_IMPLEMENT,
Income Details,AU49,,,textLength,lessThan,10,TO_IMPLEMENT,
Income Details,AV49,,,textLength,lessThan,10,TO_IMPLEMENT,
Income Details,AW49,,,textLength,lessThan,10,TO_IMPLEMENT,
Income Details,AH45,sheet1.ContactRepAssessee,,textLength,lessThanOrEqual,10,TO_IMPLEMENT,
Income Details,AI45,,,textLength,lessThanOrEqual,10,TO_IMPLEMENT,
Income Details,AJ45,,,textLength,lessThanOrEqual,10,TO_IMPLEMENT,
Income Details,AK45,,,textLength,lessThanOrEqual,10,TO_IMPLEMENT,
Income Details,AL45,,,textLength,lessThanOrEqual,10,TO_IMPLEMENT,
Income Details,AM45,,,textLength,lessThanOrEqual,10,TO_IMPLEMENT,
Income Details,AN45,,,textLength,lessThanOrEqual,10,TO_IMPLEMENT,
Income Details,AO45,,,textLength,lessThanOrEqual,10,TO_IMPLEMENT,
Income Details,AP45,,,textLength,lessThanOrEqual,10,TO_IMPLEMENT,
Income Details,AQ45,,,textLength,lessThanOrEqual,10,TO_IMPLEMENT,
Income Details,AR45,,,textLength,lessThanOrEqual,10,TO_IMPLEMENT,
Income Details,AS45,,,textLength,lessThanOrEqual,10,TO_IMPLEMENT,
Income Details,AT45,,,textLength,lessThanOrEqual,10,TO_IMPLEMENT,
Income Details,AU45,,,textLength,lessThanOrEqual,10,TO_IMPLEMENT,
Income Details,AV45,,,textLength,lessThanOrEqual,10,TO_IMPLEMENT,
Income Details,AW45,,,textLength,lessThanOrEqual,10,TO_IMPLEMENT,
Income Details,Y136,,,textLength,equal,125,TO_IMPLEMENT,
Income Details,Z136,,,textLength,equal,125,TO_IMPLEMENT,
Income Details,AA136,,,textLength,equal,125,TO_IMPLEMENT,
Income Details,AB136,,,textLength,equal,125,TO_IMPLEMENT,
Income Details,AC136,,,textLength,equal,125,TO_IMPLEMENT,
Income Details,AD136,,,textLength,equal,125,TO_IMPLEMENT,
Income Details,AE136,,,textLength,equal,125,TO_IMPLEMENT,
Income Details,AF136,,,textLength,equal,125,TO_IMPLEMENT,
Income Details,AG136,,,textLength,equal,125,TO_IMPLEMENT,
Income Details,AH136,,,textLength,equal,125,TO_IMPLEMENT,
Income Details,AI136,,,textLength,equal,125,TO_IMPLEMENT,
Income Details,AJ136,,,textLength,equal,125,TO_IMPLEMENT,
Income Details,AK136,,,textLength,equal,125,TO_IMPLEMENT,
Income Details,AL136,,,textLength,equal,125,TO_IMPLEMENT,
Income Details,AM136,,,textLength,equal,125,TO_IMPLEMENT,
Income Details,AN136,,,textLength,equal,125,TO_IMPLEMENT,
Income Details,AO136,,,textLength,equal,125,TO_IMPLEMENT,
Income Details,AP136,,,textLength,equal,125,TO_IMPLEMENT,
Income Details,AQ136,,,textLength,equal,125,TO_IMPLEMENT,
Income Details,AR136,,,textLength,equal,125,TO_IMPLEMENT,
Income Details,AS136,,,textLength,equal,125,TO_IMPLEMENT,
Income Details,AT136,,,textLength,equal,125,TO_IMPLEMENT,
Income Details,AU136,,,textLength,equal,125,TO_IMPLEMENT,
Income Details,AV136,,,textLength,equal,125,TO_IMPLEMENT,
Income Details,AW136,,,textLength,equal,125,TO_IMPLEMENT,
Income Details,L136,sheet1.PRAN,PRAN of the taxpayer,textLength,,1,TO_IMPLEMENT,
Income Details,M136,,PRAN of the taxpayer,textLength,,1,TO_IMPLEMENT,
Income Details,N136,,PRAN of the taxpayer,textLength,,1,TO_IMPLEMENT,
Income Details,O136,,PRAN of the taxpayer,textLength,,1,TO_IMPLEMENT,
Income Details,P136,,PRAN of the taxpayer,textLength,,1,TO_IMPLEMENT,
Income Details,Q136,,PRAN of the taxpayer,textLength,,1,TO_IMPLEMENT,
Income Details,R136,,,textLength,,1,TO_IMPLEMENT,
Income Details,S136,,,textLength,,1,TO_IMPLEMENT,
Income Details,T136,,,textLength,,1,TO_IMPLEMENT,
Income Details,U136,,,textLength,,1,TO_IMPLEMENT,
Income Details,V136,,,textLength,,1,TO_IMPLEMENT,
Income Details,W136,,,textLength,,1,TO_IMPLEMENT,
Income Details,X136,,,textLength,,1,TO_IMPLEMENT,
Income Details,H123,Type_80CCD1,Type of Identifier,textLength,lessThanOrEqual,125,TO_IMPLEMENT,
Income Details,I123,,,textLength,lessThanOrEqual,125,TO_IMPLEMENT,
Income Details,J123,,,textLength,lessThanOrEqual,125,TO_IMPLEMENT,
Income Details,K123,,,textLength,lessThanOrEqual,125,TO_IMPLEMENT,
Income Details,L123,,,textLength,lessThanOrEqual,125,TO_IMPLEMENT,
Income Details,M123,,,textLength,lessThanOrEqual,125,TO_IMPLEMENT,
Income Details,N123,,,textLength,lessThanOrEqual,125,TO_IMPLEMENT,
Income Details,O123,,,textLength,lessThanOrEqual,125,TO_IMPLEMENT,
Income Details,P123,,,textLength,lessThanOrEqual,125,TO_IMPLEMENT,
Income Details,Q123,,,textLength,lessThanOrEqual,125,TO_IMPLEMENT,
Income Details,R123,,,textLength,lessThanOrEqual,125,TO_IMPLEMENT,
Income Details,S123,,,textLength,lessThanOrEqual,125,TO_IMPLEMENT,
Income Details,T123,,,textLength,lessThanOrEqual,125,TO_IMPLEMENT,
Income Details,U123,,,textLength,lessThanOrEqual,125,TO_IMPLEMENT,
Income Details,V123,,,textLength,lessThanOrEqual,125,TO_IMPLEMENT,
Income Details,W123,,,textLength,lessThanOrEqual,125,TO_IMPLEMENT,
Income Details,X123,,,textLength,lessThanOrEqual,125,TO_IMPLEMENT,
Income Details,H124,,Type of Identifier,textLength,lessThanOrEqual,125,TO_IMPLEMENT,
Income Details,I124,,,textLength,lessThanOrEqual,125,TO_IMPLEMENT,
Income Details,J124,,,textLength,lessThanOrEqual,125,TO_IMPLEMENT,
Income Details,K124,,,textLength,lessThanOrEqual,125,TO_IMPLEMENT,
Income Details,L124,,,textLength,lessThanOrEqual,125,TO_IMPLEMENT,
Income Details,M124,,,textLength,lessThanOrEqual,125,TO_IMPLEMENT,
Income Details,N124,,,textLength,lessThanOrEqual,125,TO_IMPLEMENT,
Income Details,O124,,,textLength,lessThanOrEqual,125,TO_IMPLEMENT,
Income Details,P124,,,textLength,lessThanOrEqual,125,TO_IMPLEMENT,
Income Details,Q124,,,textLength,lessThanOrEqual,125,TO_IMPLEMENT,
Income Details,R124,,,textLength,lessThanOrEqual,125,TO_IMPLEMENT,
Income Details,S124,,,textLength,lessThanOrEqual,125,TO_IMPLEMENT,
Income Details,T124,,,textLength,lessThanOrEqual,125,TO_IMPLEMENT,
Income Details,U124,,,textLength,lessThanOrEqual,125,TO_IMPLEMENT,
Income Details,V124,,,textLength,lessThanOrEqual,125,TO_IMPLEMENT,
Income Details,W124,,,textLength,lessThanOrEqual,125,TO_IMPLEMENT,
Income Details,X124,,,textLength,lessThanOrEqual,125,TO_IMPLEMENT,
Income Details,H128,Type_80CCD1b,Type of Identifier,textLength,lessThanOrEqual,125,TO_IMPLEMENT,
Income Details,I128,,,textLength,lessThanOrEqual,125,TO_IMPLEMENT,
Income Details,J128,,,textLength,lessThanOrEqual,125,TO_IMPLEMENT,
Income Details,K128,,,textLength,lessThanOrEqual,125,TO_IMPLEMENT,
Income Details,L128,,,textLength,lessThanOrEqual,125,TO_IMPLEMENT,
Income Details,M128,,,textLength,lessThanOrEqual,125,TO_IMPLEMENT,
Income Details,N128,,,textLength,lessThanOrEqual,125,TO_IMPLEMENT,
Income Details,O128,,,textLength,lessThanOrEqual,125,TO_IMPLEMENT,
Income Details,P128,,,textLength,lessThanOrEqual,125,TO_IMPLEMENT,
Income Details,Q128,,,textLength,lessThanOrEqual,125,TO_IMPLEMENT,
Income Details,R128,,,textLength,lessThanOrEqual,125,TO_IMPLEMENT,
Income Details,S128,,,textLength,lessThanOrEqual,125,TO_IMPLEMENT,
Income Details,T128,,,textLength,lessThanOrEqual,125,TO_IMPLEMENT,
Income Details,U128,,,textLength,lessThanOrEqual,125,TO_IMPLEMENT,
Income Details,V128,,,textLength,lessThanOrEqual,125,TO_IMPLEMENT,
Income Details,W128,,,textLength,lessThanOrEqual,125,TO_IMPLEMENT,
Income Details,X128,,,textLength,lessThanOrEqual,125,TO_IMPLEMENT,
Income Details,H129,,Type of Identifier,textLength,lessThanOrEqual,125,TO_IMPLEMENT,
Income Details,I129,,,textLength,lessThanOrEqual,125,TO_IMPLEMENT,
Income Details,J129,,,textLength,lessThanOrEqual,125,TO_IMPLEMENT,
Income Details,K129,,,textLength,lessThanOrEqual,125,TO_IMPLEMENT,
Income Details,L129,,,textLength,lessThanOrEqual,125,TO_IMPLEMENT,
Income Details,M129,,,textLength,lessThanOrEqual,125,TO_IMPLEMENT,
Income Details,N129,,,textLength,lessThanOrEqual,125,TO_IMPLEMENT,
Income Details,O129,,,textLength,lessThanOrEqual,125,TO_IMPLEMENT,
Income Details,P129,,,textLength,lessThanOrEqual,125,TO_IMPLEMENT,
Income Details,Q129,,,textLength,lessThanOrEqual,125,TO_IMPLEMENT,
Income Details,R129,,,textLength,lessThanOrEqual,125,TO_IMPLEMENT,
Income Details,S129,,,textLength,lessThanOrEqual,125,TO_IMPLEMENT,
Income Details,T129,,,textLength,lessThanOrEqual,125,TO_IMPLEMENT,
Income Details,U129,,,textLength,lessThanOrEqual,125,TO_IMPLEMENT,
Income Details,V129,,,textLength,lessThanOrEqual,125,TO_IMPLEMENT,
Income Details,W129,,,textLength,lessThanOrEqual,125,TO_IMPLEMENT,
Income Details,X129,,,textLength,lessThanOrEqual,125,TO_IMPLEMENT,
Income Details,Y123,Name_80CCD1,Name of Identifier,textLength,lessThanOrEqual,125,TO_IMPLEMENT,
Income Details,Z123,,,textLength,lessThanOrEqual,125,TO_IMPLEMENT,
Income Details,AA123,,,textLength,lessThanOrEqual,125,TO_IMPLEMENT,
Income Details,AB123,,,textLength,lessThanOrEqual,125,TO_IMPLEMENT,
Income Details,AC123,,,textLength,lessThanOrEqual,125,TO_IMPLEMENT,
Income Details,AD123,,,textLength,lessThanOrEqual,125,TO_IMPLEMENT,
Income Details,AE123,,,textLength,lessThanOrEqual,125,TO_IMPLEMENT,
Income Details,AF123,,,textLength,lessThanOrEqual,125,TO_IMPLEMENT,
Income Details,AG123,,,textLength,lessThanOrEqual,125,TO_IMPLEMENT,
Income Details,AH123,,,textLength,lessThanOrEqual,125,TO_IMPLEMENT,
Income Details,AI123,,,textLength,lessThanOrEqual,125,TO_IMPLEMENT,
Income Details,AJ123,,,textLength,lessThanOrEqual,125,TO_IMPLEMENT,
Income Details,AK123,,,textLength,lessThanOrEqual,125,TO_IMPLEMENT,
Income Details,AL123,,,textLength,lessThanOrEqual,125,TO_IMPLEMENT,
Income Details,Y124,,Name of Identifier,textLength,lessThanOrEqual,125,TO_IMPLEMENT,
Income Details,Z124,,,textLength,lessThanOrEqual,125,TO_IMPLEMENT,
Income Details,AA124,,,textLength,lessThanOrEqual,125,TO_IMPLEMENT,
Income Details,AB124,,,textLength,lessThanOrEqual,125,TO_IMPLEMENT,
Income Details,AC124,,,textLength,lessThanOrEqual,125,TO_IMPLEMENT,
Income Details,AD124,,,textLength,lessThanOrEqual,125,TO_IMPLEMENT,
Income Details,AE124,,,textLength,lessThanOrEqual,125,TO_IMPLEMENT,
Income Details,AF124,,,textLength,lessThanOrEqual,125,TO_IMPLEMENT,
Income Details,AG124,,,textLength,lessThanOrEqual,125,TO_IMPLEMENT,
Income Details,AH124,,,textLength,lessThanOrEqual,125,TO_IMPLEMENT,
Income Details,AI124,,,textLength,lessThanOrEqual,125,TO_IMPLEMENT,
Income Details,AJ124,,,textLength,lessThanOrEqual,125,TO_IMPLEMENT,
Income Details,AK124,,,textLength,lessThanOrEqual,125,TO_IMPLEMENT,
Income Details,AL124,,,textLength,lessThanOrEqual,125,TO_IMPLEMENT,
Income Details,Y128,Name_80CCD1b,Name of Identifier,textLength,lessThanOrEqual,125,TO_IMPLEMENT,
Income Details,Z128,,,textLength,lessThanOrEqual,125,TO_IMPLEMENT,
Income Details,AA128,,,textLength,lessThanOrEqual,125,TO_IMPLEMENT,
Income Details,AB128,,,textLength,lessThanOrEqual,125,TO_IMPLEMENT,
Income Details,AC128,,,textLength,lessThanOrEqual,125,TO_IMPLEMENT,
Income Details,AD128,,,textLength,lessThanOrEqual,125,TO_IMPLEMENT,
Income Details,AE128,,,textLength,lessThanOrEqual,125,TO_IMPLEMENT,
Income Details,AF128,,,textLength,lessThanOrEqual,125,TO_IMPLEMENT,
Income Details,AG128,,,textLength,lessThanOrEqual,125,TO_IMPLEMENT,
Income Details,AH128,,,textLength,lessThanOrEqual,125,TO_IMPLEMENT,
Income Details,AI128,,,textLength,lessThanOrEqual,125,TO_IMPLEMENT,
Income Details,AJ128,,,textLength,lessThanOrEqual,125,TO_IMPLEMENT,
Income Details,AK128,,,textLength,lessThanOrEqual,125,TO_IMPLEMENT,
Income Details,AL128,,,textLength,lessThanOrEqual,125,TO_IMPLEMENT,
Income Details,Y129,,Name of Identifier,textLength,lessThanOrEqual,125,TO_IMPLEMENT,
Income Details,Z129,,,textLength,lessThanOrEqual,125,TO_IMPLEMENT,
Income Details,AA129,,,textLength,lessThanOrEqual,125,TO_IMPLEMENT,
Income Details,AB129,,,textLength,lessThanOrEqual,125,TO_IMPLEMENT,
Income Details,AC129,,,textLength,lessThanOrEqual,125,TO_IMPLEMENT,
Income Details,AD129,,,textLength,lessThanOrEqual,125,TO_IMPLEMENT,
Income Details,AE129,,,textLength,lessThanOrEqual,125,TO_IMPLEMENT,
Income Details,AF129,,,textLength,lessThanOrEqual,125,TO_IMPLEMENT,
Income Details,AG129,,,textLength,lessThanOrEqual,125,TO_IMPLEMENT,
Income Details,AH129,,,textLength,lessThanOrEqual,125,TO_IMPLEMENT,
Income Details,AI129,,,textLength,lessThanOrEqual,125,TO_IMPLEMENT,
Income Details,AJ129,,,textLength,lessThanOrEqual,125,TO_IMPLEMENT,
Income Details,AK129,,,textLength,lessThanOrEqual,125,TO_IMPLEMENT,
Income Details,AL129,,,textLength,lessThanOrEqual,125,TO_IMPLEMENT,
Income Details,AN128,Amount_80CCD1b,Amount,whole,,0,TO_IMPLEMENT,
Income Details,AO128,,,whole,,0,TO_IMPLEMENT,
Income Details,AP128,,,whole,,0,TO_IMPLEMENT,
Income Details,AQ128,,,whole,,0,TO_IMPLEMENT,
Income Details,AR128,,,whole,,0,TO_IMPLEMENT,
Income Details,AS128,,,whole,,0,TO_IMPLEMENT,
Income Details,AT128,,,whole,,0,TO_IMPLEMENT,
Income Details,AU128,,,whole,,0,TO_IMPLEMENT,
Income Details,AV128,,,whole,,0,TO_IMPLEMENT,
Income Details,AW128,,,whole,,0,TO_IMPLEMENT,
Income Details,AN129,,Amount,whole,,0,TO_IMPLEMENT,
Income Details,AO129,,,whole,,0,TO_IMPLEMENT,
Income Details,AP129,,,whole,,0,TO_IMPLEMENT,
Income Details,AQ129,,,whole,,0,TO_IMPLEMENT,
Income Details,AR129,,,whole,,0,TO_IMPLEMENT,
Income Details,AS129,,,whole,,0,TO_IMPLEMENT,
Income Details,AT129,,,whole,,0,TO_IMPLEMENT,
Income Details,AU129,,,whole,,0,TO_IMPLEMENT,
Income Details,AV129,,,whole,,0,TO_IMPLEMENT,
Income Details,AW129,,,whole,,0,TO_IMPLEMENT,
Income Details,AN123,Amount_80CCD1,Amount,whole,,0,TO_IMPLEMENT,
Income Details,AO123,,,whole,,0,TO_IMPLEMENT,
Income Details,AP123,,,whole,,0,TO_IMPLEMENT,
Income Details,AQ123,,,whole,,0,TO_IMPLEMENT,
Income Details,AR123,,,whole,,0,TO_IMPLEMENT,
Income Details,AS123,,,whole,,0,TO_IMPLEMENT,
Income Details,AT123,,,whole,,0,TO_IMPLEMENT,
Income Details,AU123,,,whole,,0,TO_IMPLEMENT,
Income Details,AV123,,,whole,,0,TO_IMPLEMENT,
Income Details,AW123,,,whole,,0,TO_IMPLEMENT,
Income Details,AN124,,Amount,whole,,0,TO_IMPLEMENT,
Income Details,AO124,,,whole,,0,TO_IMPLEMENT,
Income Details,AP124,,,whole,,0,TO_IMPLEMENT,
Income Details,AQ124,,,whole,,0,TO_IMPLEMENT,
Income Details,AR124,,,whole,,0,TO_IMPLEMENT,
Income Details,AS124,,,whole,,0,TO_IMPLEMENT,
Income Details,AT124,,,whole,,0,TO_IMPLEMENT,
Income Details,AU124,,,whole,,0,TO_IMPLEMENT,
Income Details,AV124,,,whole,,0,TO_IMPLEMENT,
Income Details,AW124,,,whole,,0,TO_IMPLEMENT,
Income Details,AN118,Amount_80CCC,Amount,whole,,0,TO_IMPLEMENT,
Income Details,AO118,,,whole,,0,TO_IMPLEMENT,
Income Details,AP118,,,whole,,0,TO_IMPLEMENT,
Income Details,AQ118,,,whole,,0,TO_IMPLEMENT,
Income Details,AR118,,,whole,,0,TO_IMPLEMENT,
Income Details,AS118,,,whole,,0,TO_IMPLEMENT,
Income Details,AT118,,,whole,,0,TO_IMPLEMENT,
Income Details,AU118,,,whole,,0,TO_IMPLEMENT,
Income Details,AV118,,,whole,,0,TO_IMPLEMENT,
Income Details,AW118,,,whole,,0,TO_IMPLEMENT,
Income Details,AN119,,Amount,whole,,0,TO_IMPLEMENT,
Income Details,AO119,,,whole,,0,TO_IMPLEMENT,
Income Details,AP119,,,whole,,0,TO_IMPLEMENT,
Income Details,AQ119,,,whole,,0,TO_IMPLEMENT,
Income Details,AR119,,,whole,,0,TO_IMPLEMENT,
Income Details,AS119,,,whole,,0,TO_IMPLEMENT,
Income Details,AT119,,,whole,,0,TO_IMPLEMENT,
Income Details,AU119,,,whole,,0,TO_IMPLEMENT,
Income Details,AV119,,,whole,,0,TO_IMPLEMENT,
Income Details,AW119,,,whole,,0,TO_IMPLEMENT,
Income Details,AD42,sheet1.RepAssessee,,list,,"""(Select), Yes, No""",TO_IMPLEMENT,
Income Details,AE42,,(Select),list,,"""(Select), Yes, No""",TO_IMPLEMENT,
Income Details,AF42,,(Select),list,,"""(Select), Yes, No""",TO_IMPLEMENT,
Income Details,AG42,,(Select),list,,"""(Select), Yes, No""",TO_IMPLEMENT,
Income Details,AH42,,(Select),list,,"""(Select), Yes, No""",TO_IMPLEMENT,
Income Details,AI42,,(Select),list,,"""(Select), Yes, No""",TO_IMPLEMENT,
Income Details,AJ42,,(Select),list,,"""(Select), Yes, No""",TO_IMPLEMENT,
Income Details,AK42,,(Select),list,,"""(Select), Yes, No""",TO_IMPLEMENT,
Income Details,AL42,,(Select),list,,"""(Select), Yes, No""",TO_IMPLEMENT,
Income Details,AM42,,(Select),list,,"""(Select), Yes, No""",TO_IMPLEMENT,
Income Details,AN42,,(Select),list,,"""(Select), Yes, No""",TO_IMPLEMENT,
Income Details,AO42,,(Select),list,,"""(Select), Yes, No""",TO_IMPLEMENT,
Income Details,AP42,,,list,,"""(Select), Yes, No""",TO_IMPLEMENT,
Income Details,AQ42,,,list,,"""(Select), Yes, No""",TO_IMPLEMENT,
Income Details,AR42,,,list,,"""(Select), Yes, No""",TO_IMPLEMENT,
Income Details,AS42,,,list,,"""(Select), Yes, No""",TO_IMPLEMENT,
Income Details,AT42,,,list,,"""(Select), Yes, No""",TO_IMPLEMENT,
Income Details,AU42,,,list,,"""(Select), Yes, No""",TO_IMPLEMENT,
Income Details,AV42,,,list,,"""(Select), Yes, No""",TO_IMPLEMENT,
Income Details,AW42,,,list,,"""(Select), Yes, No""",TO_IMPLEMENT,
Income Details,E16,,Addresses to be provided for communication purposes:,textLength,lessThanOrEqual,125,TO_IMPLEMENT,
Income Details,AD43,sheet1.NameRepAssessee,(Select),textLength,lessThanOrEqual,125,TO_IMPLEMENT,
Income Details,AE43,,,textLength,lessThanOrEqual,125,TO_IMPLEMENT,
Income Details,AF43,,,textLength,lessThanOrEqual,125,TO_IMPLEMENT,
Income Details,AG43,,,textLength,lessThanOrEqual,125,TO_IMPLEMENT,
Income Details,AH43,,,textLength,lessThanOrEqual,125,TO_IMPLEMENT,
Income Details,AI43,,,textLength,lessThanOrEqual,125,TO_IMPLEMENT,
Income Details,AJ43,,,textLength,lessThanOrEqual,125,TO_IMPLEMENT,
Income Details,AK43,,,textLength,lessThanOrEqual,125,TO_IMPLEMENT,
Income Details,AL43,,,textLength,lessThanOrEqual,125,TO_IMPLEMENT,
Income Details,AM43,,,textLength,lessThanOrEqual,125,TO_IMPLEMENT,
Income Details,AN43,,,textLength,lessThanOrEqual,125,TO_IMPLEMENT,
Income Details,AO43,,,textLength,lessThanOrEqual,125,TO_IMPLEMENT,
Income Details,AP43,,,textLength,lessThanOrEqual,125,TO_IMPLEMENT,
Income Details,AQ43,,,textLength,lessThanOrEqual,125,TO_IMPLEMENT,
Income Details,AR43,,,textLength,lessThanOrEqual,125,TO_IMPLEMENT,
Income Details,AS43,,,textLength,lessThanOrEqual,125,TO_IMPLEMENT,
Income Details,AT43,,,textLength,lessThanOrEqual,125,TO_IMPLEMENT,
Income Details,AU43,,,textLength,lessThanOrEqual,125,TO_IMPLEMENT,
Income Details,AV43,,,textLength,lessThanOrEqual,125,TO_IMPLEMENT,
Income Details,AW43,,,textLength,lessThanOrEqual,125,TO_IMPLEMENT,
Income Details,AD45,sheet1.CountryCodeRepAssessee,(Select),whole,,0,TO_IMPLEMENT,
Income Details,AE45,,,whole,,0,TO_IMPLEMENT,
Income Details,AF45,,,whole,,0,TO_IMPLEMENT,
Income Details,AN23,Secondary_Address,No ZIP Code,list,,"""(Select),Yes,No""",TO_IMPLEMENT,
Income Details,AO23,,(Select),list,,"""(Select),Yes,No""",TO_IMPLEMENT,
Income Details,AP23,,(Select),list,,"""(Select),Yes,No""",TO_IMPLEMENT,
Income Details,AQ23,,(Select),list,,"""(Select),Yes,No""",TO_IMPLEMENT,
Income Details,AR23,,(Select),list,,"""(Select),Yes,No""",TO_IMPLEMENT,
Income Details,AS23,,(Select),list,,"""(Select),Yes,No""",TO_IMPLEMENT,
Income Details,AT23,,(Select),list,,"""(Select),Yes,No""",TO_IMPLEMENT,
Income Details,AU23,,(Select),list,,"""(Select),Yes,No""",TO_IMPLEMENT,
Income Details,AV23,,(Select),list,,"""(Select),Yes,No""",TO_IMPLEMENT,
Income Details,AW23,,(Select),list,,"""(Select),Yes,No""",TO_IMPLEMENT,
Income Details,E26,sheet1.ResidenceNo1,Flat / Door / Block No.,textLength,lessThanOrEqual,50,TO_IMPLEMENT,
Income Details,F26,,,textLength,lessThanOrEqual,50,TO_IMPLEMENT,
Income Details,G26,,,textLength,lessThanOrEqual,50,TO_IMPLEMENT,
Income Details,H26,,,textLength,lessThanOrEqual,50,TO_IMPLEMENT,
Income Details,I26,,,textLength,lessThanOrEqual,50,TO_IMPLEMENT,
Income Details,J26,,,textLength,lessThanOrEqual,50,TO_IMPLEMENT,
Income Details,K26,,,textLength,lessThanOrEqual,50,TO_IMPLEMENT,
Income Details,L26,,,textLength,lessThanOrEqual,50,TO_IMPLEMENT,
Income Details,M26,,,textLength,lessThanOrEqual,50,TO_IMPLEMENT,
Income Details,N26,,,textLength,lessThanOrEqual,50,TO_IMPLEMENT,
Income Details,O26,,,textLength,lessThanOrEqual,50,TO_IMPLEMENT,
Income Details,P26,,,textLength,lessThanOrEqual,50,TO_IMPLEMENT,
Income Details,Q26,,,textLength,lessThanOrEqual,50,TO_IMPLEMENT,
Income Details,R26,,,textLength,lessThanOrEqual,50,TO_IMPLEMENT,
Income Details,S26,,,textLength,lessThanOrEqual,50,TO_IMPLEMENT,
Income Details,T26,,,textLength,lessThanOrEqual,50,TO_IMPLEMENT,
Income Details,U26,,,textLength,lessThanOrEqual,50,TO_IMPLEMENT,
Income Details,V26,,,textLength,lessThanOrEqual,50,TO_IMPLEMENT,
Income Details,W26,,,textLength,lessThanOrEqual,50,TO_IMPLEMENT,
Income Details,X26,,,textLength,lessThanOrEqual,50,TO_IMPLEMENT,
Income Details,Y26,,,textLength,lessThanOrEqual,50,TO_IMPLEMENT,
Income Details,Z26,sheet1.ResidenceName1,Name of Premises / Building / Village,textLength,lessThanOrEqual,50,TO_IMPLEMENT,
Income Details,AA26,,,textLength,lessThanOrEqual,50,TO_IMPLEMENT,
Income Details,AB26,,,textLength,lessThanOrEqual,50,TO_IMPLEMENT,
Income Details,AC26,,,textLength,lessThanOrEqual,50,TO_IMPLEMENT,
Income Details,AD26,,,textLength,lessThanOrEqual,50,TO_IMPLEMENT,
Income Details,AE26,,,textLength,lessThanOrEqual,50,TO_IMPLEMENT,
Income Details,AF26,,,textLength,lessThanOrEqual,50,TO_IMPLEMENT,
Income Details,AG26,,,textLength,lessThanOrEqual,50,TO_IMPLEMENT,
Income Details,AH26,,,textLength,lessThanOrEqual,50,TO_IMPLEMENT,
Income Details,AI26,,,textLength,lessThanOrEqual,50,TO_IMPLEMENT,
Income Details,AJ26,,,textLength,lessThanOrEqual,50,TO_IMPLEMENT,
Income Details,AK26,,,textLength,lessThanOrEqual,50,TO_IMPLEMENT,
Income Details,AL26,,,textLength,lessThanOrEqual,50,TO_IMPLEMENT,
Income Details,AM26,,,textLength,lessThanOrEqual,50,TO_IMPLEMENT,
Income Details,AN26,,(Select),textLength,lessThanOrEqual,50,TO_IMPLEMENT,
Income Details,AO26,,,textLength,lessThanOrEqual,50,TO_IMPLEMENT,
Income Details,AP26,,,textLength,lessThanOrEqual,50,TO_IMPLEMENT,
Income Details,AQ26,,,textLength,lessThanOrEqual,50,TO_IMPLEMENT,
Income Details,AR26,,,textLength,lessThanOrEqual,50,TO_IMPLEMENT,
Income Details,AS26,,,textLength,lessThanOrEqual,50,TO_IMPLEMENT,
Income Details,AT26,,,textLength,lessThanOrEqual,50,TO_IMPLEMENT,
Income Details,AU26,,,textLength,lessThanOrEqual,50,TO_IMPLEMENT,
Income Details,AV26,,,textLength,lessThanOrEqual,50,TO_IMPLEMENT,
Income Details,AW26,,,textLength,lessThanOrEqual,50,TO_IMPLEMENT,
Income Details,E28,sheet1.RoadOrStreet1,Road / Street / Post Office,textLength,lessThanOrEqual,50,TO_IMPLEMENT,
Income Details,F28,,,textLength,lessThanOrEqual,50,TO_IMPLEMENT,
Income Details,G28,,,textLength,lessThanOrEqual,50,TO_IMPLEMENT,
Income Details,H28,,,textLength,lessThanOrEqual,50,TO_IMPLEMENT,
Income Details,I28,,,textLength,lessThanOrEqual,50,TO_IMPLEMENT,
Income Details,J28,,,textLength,lessThanOrEqual,50,TO_IMPLEMENT,
Income Details,K28,,,textLength,lessThanOrEqual,50,TO_IMPLEMENT,
Income Details,L28,,,textLength,lessThanOrEqual,50,TO_IMPLEMENT,
Income Details,M28,,,textLength,lessThanOrEqual,50,TO_IMPLEMENT,
Income Details,N28,,,textLength,lessThanOrEqual,50,TO_IMPLEMENT,
Income Details,O28,,,textLength,lessThanOrEqual,50,TO_IMPLEMENT,
Income Details,P28,,,textLength,lessThanOrEqual,50,TO_IMPLEMENT,
Income Details,Q28,,,textLength,lessThanOrEqual,50,TO_IMPLEMENT,
Income Details,R28,,,textLength,lessThanOrEqual,50,TO_IMPLEMENT,
Income Details,S28,,,textLength,lessThanOrEqual,50,TO_IMPLEMENT,
Income Details,T28,,,textLength,lessThanOrEqual,50,TO_IMPLEMENT,
Income Details,U28,,,textLength,lessThanOrEqual,50,TO_IMPLEMENT,
Income Details,V28,,,textLength,lessThanOrEqual,50,TO_IMPLEMENT,
Income Details,W28,sheet1.LocalityOrArea1,Area / Locality,textLength,lessThanOrEqual,50,TO_IMPLEMENT,
Income Details,X28,,,textLength,lessThanOrEqual,50,TO_IMPLEMENT,
Income Details,Y28,,,textLength,lessThanOrEqual,50,TO_IMPLEMENT,
Income Details,Z28,,Name of Premises / Building / Village,textLength,lessThanOrEqual,50,TO_IMPLEMENT,
Income Details,AA28,,,textLength,lessThanOrEqual,50,TO_IMPLEMENT,
Income Details,AB28,,,textLength,lessThanOrEqual,50,TO_IMPLEMENT,
Income Details,AC28,,,textLength,lessThanOrEqual,50,TO_IMPLEMENT,
Income Details,AD28,,,textLength,lessThanOrEqual,50,TO_IMPLEMENT,
Income Details,AE28,,,textLength,lessThanOrEqual,50,TO_IMPLEMENT,
Income Details,AF28,,,textLength,lessThanOrEqual,50,TO_IMPLEMENT,
Income Details,AG28,,,textLength,lessThanOrEqual,50,TO_IMPLEMENT,
Income Details,AH28,,,textLength,lessThanOrEqual,50,TO_IMPLEMENT,
Income Details,AI28,,,textLength,lessThanOrEqual,50,TO_IMPLEMENT,
Income Details,AJ28,,,textLength,lessThanOrEqual,50,TO_IMPLEMENT,
Income Details,AK28,,,textLength,lessThanOrEqual,50,TO_IMPLEMENT,
Income Details,AL28,,,textLength,lessThanOrEqual,50,TO_IMPLEMENT,
Income Details,AN28,sheet1.CityOrTownOrDistrict1,Town / City / District,textLength,lessThanOrEqual,50,TO_IMPLEMENT,
Income Details,AO28,,,textLength,lessThanOrEqual,50,TO_IMPLEMENT,
Income Details,AP28,,,textLength,lessThanOrEqual,50,TO_IMPLEMENT,
Income Details,AQ28,,,textLength,lessThanOrEqual,50,TO_IMPLEMENT,
Income Details,AR28,,,textLength,lessThanOrEqual,50,TO_IMPLEMENT,
Income Details,AS28,,,textLength,lessThanOrEqual,50,TO_IMPLEMENT,
Income Details,AT28,,,textLength,lessThanOrEqual,50,TO_IMPLEMENT,
Income Details,AU28,,,textLength,lessThanOrEqual,50,TO_IMPLEMENT,
Income Details,AV28,,,textLength,lessThanOrEqual,50,TO_IMPLEMENT,
Income Details,AW28,,,textLength,lessThanOrEqual,50,TO_IMPLEMENT,
Income Details,E30,sheet1.StateCode2,State,list,,StateList,TO_IMPLEMENT,
Income Details,F30,,(Select),list,,StateList,TO_IMPLEMENT,
Income Details,G30,,(Select),list,,StateList,TO_IMPLEMENT,
Income Details,H30,,(Select),list,,StateList,TO_IMPLEMENT,
Income Details,I30,,(Select),list,,StateList,TO_IMPLEMENT,
Income Details,J30,,(Select),list,,StateList,TO_IMPLEMENT,
Income Details,K30,sheet1.Country1,(Select),list,,CountList,TO_IMPLEMENT,
Income Details,AN30,HASZIP1,No ZIP Code,list,,"""(Select),Yes,No""",TO_IMPLEMENT,
Income Details,AO30,,,list,,"""(Select),Yes,No""",TO_IMPLEMENT,
Income Details,AP30,,,list,,"""(Select),Yes,No""",TO_IMPLEMENT,
Income Details,AQ30,,,list,,"""(Select),Yes,No""",TO_IMPLEMENT,
Income Details,AR30,,,list,,"""(Select),Yes,No""",TO_IMPLEMENT,
Income Details,AS30,,,list,,"""(Select),Yes,No""",TO_IMPLEMENT,
Income Details,Z11,sheet1.EmployerCategory1,Nature of Employment,list,,EmpCatList,TO_IMPLEMENT,
Income Details,AA11,,(Select),list,,EmpCatList,TO_IMPLEMENT,
Income Details,AB11,,(Select),list,,EmpCatList,TO_IMPLEMENT,
Income Details,AC11,,(Select),list,,EmpCatList,TO_IMPLEMENT,
Income Details,AD11,,(Select),list,,EmpCatList,TO_IMPLEMENT,
Income Details,AE11,,(Select),list,,EmpCatList,TO_IMPLEMENT,
Income Details,AF11,,(Select),list,,EmpCatList,TO_IMPLEMENT,
Income Details,AG11,,(Select),list,,EmpCatList,TO_IMPLEMENT,
Income Details,AH11,,(Select),list,,EmpCatList,TO_IMPLEMENT,
Income Details,AI11,,(Select),list,,EmpCatList,TO_IMPLEMENT,
Income Details,AJ11,,(Select),list,,EmpCatList,TO_IMPLEMENT,
Income Details,AK11,,(Select),list,,EmpCatList,TO_IMPLEMENT,
Income Details,AL11,,,list,,EmpCatList,TO_IMPLEMENT,
Income Details,AM11,,,list,,EmpCatList,TO_IMPLEMENT,
Income Details,AN11,,,list,,EmpCatList,TO_IMPLEMENT,
Income Details,AO11,,,list,,EmpCatList,TO_IMPLEMENT,
Income Details,AP11,,,list,,EmpCatList,TO_IMPLEMENT,
Income Details,AQ11,,,list,,EmpCatList,TO_IMPLEMENT,
Income Details,AR11,,,list,,EmpCatList,TO_IMPLEMENT,
Income Details,AS11,,,list,,EmpCatList,TO_IMPLEMENT,
Income Details,AT11,,,list,,EmpCatList,TO_IMPLEMENT,
Income Details,AU11,,,list,,EmpCatList,TO_IMPLEMENT,
Income Details,AV11,,,list,,EmpCatList,TO_IMPLEMENT,
Income Details,AW11,,,list,,EmpCatList,TO_IMPLEMENT,
Income Details,E11,sheet1.DOB,Date of Birth (DD/MM/YYYY),textLength,equal,10,TO_IMPLEMENT,
Income Details,F11,,,textLength,equal,10,TO_IMPLEMENT,
Income Details,G11,,,textLength,equal,10,TO_IMPLEMENT,
Income Details,H11,,,textLength,equal,10,TO_IMPLEMENT,
Income Details,I11,,,textLength,equal,10,TO_IMPLEMENT,
Income Details,J11,,,textLength,equal,10,TO_IMPLEMENT,
Income Details,K11,,,textLength,equal,10,TO_IMPLEMENT,
Income Details,L11,,,textLength,equal,10,TO_IMPLEMENT,
Income Details,M11,,,textLength,equal,10,TO_IMPLEMENT,
Income Details,N11,,,textLength,equal,10,TO_IMPLEMENT,
Income Details,O11,,,textLength,equal,10,TO_IMPLEMENT,
Income Details,P11,,,textLength,equal,10,TO_IMPLEMENT,
Income Details,Q11,,,textLength,equal,10,TO_IMPLEMENT,
Income Details,R11,,,textLength,equal,10,TO_IMPLEMENT,
Income Details,S11,,,textLength,equal,10,TO_IMPLEMENT,
Income Details,T11,,,textLength,equal,10,TO_IMPLEMENT,
Income Details,U11,,,textLength,equal,10,TO_IMPLEMENT,
Income Details,V11,,,textLength,equal,10,TO_IMPLEMENT,
Income Details,W11,,,textLength,equal,10,TO_IMPLEMENT,
Income Details,X11,,,textLength,equal,10,TO_IMPLEMENT,
Income Details,Y11,,,textLength,equal,10,TO_IMPLEMENT,
Income Details,K22,sheet1.Country,(Select),list,equal,CountList,TO_IMPLEMENT,
Income Details,AC47,sheet1.ReturnFileSec,Filed u/s                             Filed  in response to notice u/s,list,,ReturnSecList,TO_IMPLEMENT,
Income Details,AD47,,139(1)-On or before due date,list,,ReturnSecList,TO_IMPLEMENT,
Income Details,AE47,,139(1)-On or before due date,list,,ReturnSecList,TO_IMPLEMENT,
Income Details,AF47,,139(1)-On or before due date,list,,ReturnSecList,TO_IMPLEMENT,
Income Details,AG47,,139(1)-On or before due date,list,,ReturnSecList,TO_IMPLEMENT,
Income Details,AH47,,139(1)-On or before due date,list,,ReturnSecList,TO_IMPLEMENT,
Income Details,AI47,,139(1)-On or before due date,list,,ReturnSecList,TO_IMPLEMENT,
Income Details,AJ47,,139(1)-On or before due date,list,,ReturnSecList,TO_IMPLEMENT,
Income Details,AK47,,139(1)-On or before due date,list,,ReturnSecList,TO_IMPLEMENT,
Income Details,AL47,,139(1)-On or before due date,list,,ReturnSecList,TO_IMPLEMENT,
Income Details,AM47,sheet1.MobileNoSec,139(1)-On or before due date,list,,ReturnSecList,TO_IMPLEMENT,
Income Details,AN47,sheet1.ReturnFileSec2,139(1)-On or before due date,list,,ReturnSecList,TO_IMPLEMENT,
Income Details,AO47,,,list,,ReturnSecList,TO_IMPLEMENT,
Income Details,AP47,,,list,,ReturnSecList,TO_IMPLEMENT,
Income Details,AQ47,,,list,,ReturnSecList,TO_IMPLEMENT,
Income Details,AR47,,,list,,ReturnSecList,TO_IMPLEMENT,
Income Details,AS47,,,list,,ReturnSecList,TO_IMPLEMENT,
Income Details,AT47,,,list,,ReturnSecList,TO_IMPLEMENT,
Income Details,AU47,,,list,,ReturnSecList,TO_IMPLEMENT,
Income Details,AV47,,,list,,ReturnSecList,TO_IMPLEMENT,
Income Details,AW47,,,list,,ReturnSecList,TO_IMPLEMENT,
Income Details,AN22,HASZIP,No ZIP Code,list,lessThanOrEqual,"""(Select),Yes,No""",TO_IMPLEMENT,
Income Details,AO22,,,list,lessThanOrEqual,"""(Select),Yes,No""",TO_IMPLEMENT,
Income Details,AP22,,,list,lessThanOrEqual,"""(Select),Yes,No""",TO_IMPLEMENT,
Income Details,AQ22,,,list,lessThanOrEqual,"""(Select),Yes,No""",TO_IMPLEMENT,
Income Details,AR22,,,list,lessThanOrEqual,"""(Select),Yes,No""",TO_IMPLEMENT,
Income Details,AS22,,,list,lessThanOrEqual,"""(Select),Yes,No""",TO_IMPLEMENT,
Income Details,AB116,IncD.Section80CCC,5b,whole,,0,TO_IMPLEMENT,
Income Details,AC116,,5b,whole,,0,TO_IMPLEMENT,
Income Details,AD116,,5b,whole,,0,TO_IMPLEMENT,
Income Details,AE116,,5b,whole,,0,TO_IMPLEMENT,
Income Details,AF116,,5b,whole,,0,TO_IMPLEMENT,
Income Details,AG116,,5b,whole,,0,TO_IMPLEMENT,
Income Details,AH116,,5b,whole,,0,TO_IMPLEMENT,
Income Details,AI116,,5b,whole,,0,TO_IMPLEMENT,
Income Details,AJ116,,5b,whole,,0,TO_IMPLEMENT,
Income Details,AK116,,,whole,,0,TO_IMPLEMENT,
Income Details,AL116,,,whole,,0,TO_IMPLEMENT,
Income Details,AM116,,,whole,,0,TO_IMPLEMENT,
Income Details,AB126,IncD.Section80CCD1B_SE,5d,whole,,0,TO_IMPLEMENT,
Income Details,AC126,,5d,whole,,0,TO_IMPLEMENT,
Income Details,AD126,,5d,whole,,0,TO_IMPLEMENT,
Income Details,AE126,,5d,whole,,0,TO_IMPLEMENT,
Income Details,AF126,,5d,whole,,0,TO_IMPLEMENT,
Income Details,AG126,,5d,whole,,0,TO_IMPLEMENT,
Income Details,AH126,,5d,whole,,0,TO_IMPLEMENT,
Income Details,AI126,,5d,whole,,0,TO_IMPLEMENT,
Income Details,AJ126,,5d,whole,,0,TO_IMPLEMENT,
Income Details,AK126,,,whole,,0,TO_IMPLEMENT,
Income Details,AL126,,,whole,,0,TO_IMPLEMENT,
Income Details,AM126,,,whole,,0,TO_IMPLEMENT,
Income Details,AB121,IncD.Section80CCD_SE,5c,whole,,0,TO_IMPLEMENT,
Income Details,AC121,,5c,whole,,0,TO_IMPLEMENT,
Income Details,AD121,,5c,whole,,0,TO_IMPLEMENT,
Income Details,AE121,,5c,whole,,0,TO_IMPLEMENT,
Income Details,AF121,,5c,whole,,0,TO_IMPLEMENT,
Income Details,AG121,,5c,whole,,0,TO_IMPLEMENT,
Income Details,AH121,,5c,whole,,0,TO_IMPLEMENT,
Income Details,AI121,,5c,whole,,0,TO_IMPLEMENT,
Income Details,AJ121,,5c,whole,,0,TO_IMPLEMENT,
Income Details,AK121,,,whole,,0,TO_IMPLEMENT,
Income Details,AL121,,,whole,,0,TO_IMPLEMENT,
Income Details,AM121,,,whole,,0,TO_IMPLEMENT,
Income Details,AD44,sheet1.EmailRepAssessee,(Select),textLength,lessThanOrEqual,125,TO_IMPLEMENT,
Income Details,AE44,,,textLength,lessThanOrEqual,125,TO_IMPLEMENT,
Income Details,AF44,,,textLength,lessThanOrEqual,125,TO_IMPLEMENT,
Income Details,AG44,,,textLength,lessThanOrEqual,125,TO_IMPLEMENT,
Income Details,AH44,,,textLength,lessThanOrEqual,125,TO_IMPLEMENT,
Income Details,AI44,,,textLength,lessThanOrEqual,125,TO_IMPLEMENT,
Income Details,AJ44,,,textLength,lessThanOrEqual,125,TO_IMPLEMENT,
Income Details,AK44,,,textLength,lessThanOrEqual,125,TO_IMPLEMENT,
Income Details,AL44,,,textLength,lessThanOrEqual,125,TO_IMPLEMENT,
Income Details,AM44,,,textLength,lessThanOrEqual,125,TO_IMPLEMENT,
Income Details,AN44,,,textLength,lessThanOrEqual,125,TO_IMPLEMENT,
Income Details,AO44,,,textLength,lessThanOrEqual,125,TO_IMPLEMENT,
Income Details,AP44,,,textLength,lessThanOrEqual,125,TO_IMPLEMENT,
Income Details,AQ44,,,textLength,lessThanOrEqual,125,TO_IMPLEMENT,
Income Details,AR44,,,textLength,lessThanOrEqual,125,TO_IMPLEMENT,
Income Details,AS44,,,textLength,lessThanOrEqual,125,TO_IMPLEMENT,
Income Details,AT44,,,textLength,lessThanOrEqual,125,TO_IMPLEMENT,
Income Details,AU44,,,textLength,lessThanOrEqual,125,TO_IMPLEMENT,
Income Details,AV44,,,textLength,lessThanOrEqual,125,TO_IMPLEMENT,
Income Details,AW44,,,textLength,lessThanOrEqual,125,TO_IMPLEMENT,
Income Details,E14,sheet1.EmailAddress,Primary Email ID of the taxpayer,textLength,lessThanOrEqual,125,TO_IMPLEMENT,
Income Details,E15,,Primary Email ID of the taxpayer,textLength,lessThanOrEqual,125,TO_IMPLEMENT,
Income Details,F14,,,textLength,lessThanOrEqual,125,TO_IMPLEMENT,
Income Details,G14,,,textLength,lessThanOrEqual,125,TO_IMPLEMENT,
Income Details,H14,,,textLength,lessThanOrEqual,125,TO_IMPLEMENT,
Income Details,I14,,,textLength,lessThanOrEqual,125,TO_IMPLEMENT,
Income Details,J14,,,textLength,lessThanOrEqual,125,TO_IMPLEMENT,
Income Details,K14,sheet1.EmailAddress1,Secondary Email ID,textLength,lessThanOrEqual,125,TO_IMPLEMENT,
Income Details,L14,,,textLength,lessThanOrEqual,125,TO_IMPLEMENT,
Income Details,M14,,,textLength,lessThanOrEqual,125,TO_IMPLEMENT,
Income Details,N14,,,textLength,lessThanOrEqual,125,TO_IMPLEMENT,
Income Details,O14,,,textLength,lessThanOrEqual,125,TO_IMPLEMENT,
Income Details,P14,,,textLength,lessThanOrEqual,125,TO_IMPLEMENT,
Income Details,Q14,,,textLength,lessThanOrEqual,125,TO_IMPLEMENT,
Income Details,R14,,,textLength,lessThanOrEqual,125,TO_IMPLEMENT,
Income Details,S14,,,textLength,lessThanOrEqual,125,TO_IMPLEMENT,
Income Details,T14,,,textLength,lessThanOrEqual,125,TO_IMPLEMENT,
Income Details,U14,,,textLength,lessThanOrEqual,125,TO_IMPLEMENT,
Income Details,V14,,,textLength,lessThanOrEqual,125,TO_IMPLEMENT,
Income Details,W14,,,textLength,lessThanOrEqual,125,TO_IMPLEMENT,
Income Details,X14,,,textLength,lessThanOrEqual,125,TO_IMPLEMENT,
Income Details,AO14,sheet1.Mobileno1,,textLength,lessThanOrEqual,10,TO_IMPLEMENT,
Income Details,AP14,,,textLength,lessThanOrEqual,10,TO_IMPLEMENT,
Income Details,AQ14,,,textLength,lessThanOrEqual,10,TO_IMPLEMENT,
Income Details,AR14,,,textLength,lessThanOrEqual,10,TO_IMPLEMENT,
Income Details,AS14,,,textLength,lessThanOrEqual,10,TO_IMPLEMENT,
Income Details,AT14,,,textLength,lessThanOrEqual,10,TO_IMPLEMENT,
Income Details,AU14,,,textLength,lessThanOrEqual,10,TO_IMPLEMENT,
Income Details,AV14,,,textLength,lessThanOrEqual,10,TO_IMPLEMENT,
Income Details,AW14,,,textLength,lessThanOrEqual,10,TO_IMPLEMENT,
Income Details,Z14,sheet1.Mobileno,(Select),textLength,lessThanOrEqual,10,TO_IMPLEMENT,
Income Details,AA14,,,textLength,lessThanOrEqual,10,TO_IMPLEMENT,
Income Details,AB14,,,textLength,lessThanOrEqual,10,TO_IMPLEMENT,
Income Details,AC14,,,textLength,lessThanOrEqual,10,TO_IMPLEMENT,
Income Details,AD14,,,textLength,lessThanOrEqual,10,TO_IMPLEMENT,
Income Details,AE14,,,textLength,lessThanOrEqual,10,TO_IMPLEMENT,
Income Details,AF14,,,textLength,lessThanOrEqual,10,TO_IMPLEMENT,
Income Details,AG14,,,textLength,lessThanOrEqual,10,TO_IMPLEMENT,
Income Details,AH14,,,textLength,lessThanOrEqual,10,TO_IMPLEMENT,
Income Details,AI14,,,textLength,lessThanOrEqual,10,TO_IMPLEMENT,
Income Details,AJ14,,,textLength,lessThanOrEqual,10,TO_IMPLEMENT,
Income Details,AK14,,,textLength,lessThanOrEqual,10,TO_IMPLEMENT,
Income Details,AL14,,,textLength,lessThanOrEqual,10,TO_IMPLEMENT,
Income Details,AB22,sheet1.PinCode,PIN Code,textLength,equal,6,TO_IMPLEMENT,
Income Details,AC22,,,textLength,equal,6,TO_IMPLEMENT,
Income Details,AD22,,,textLength,equal,6,TO_IMPLEMENT,
Income Details,AE22,,,textLength,equal,6,TO_IMPLEMENT,
Income Details,AF22,,,textLength,equal,6,TO_IMPLEMENT,
Income Details,AG22,,,textLength,equal,6,TO_IMPLEMENT,
Income Details,AH22,,,textLength,equal,6,TO_IMPLEMENT,
Income Details,AI22,,,textLength,equal,6,TO_IMPLEMENT,
Income Details,AJ22,,,textLength,equal,6,TO_IMPLEMENT,
Income Details,AK22,,,textLength,equal,6,TO_IMPLEMENT,
Income Details,AL22,,,textLength,equal,6,TO_IMPLEMENT,
Income Details,AB30,sheet1.PinCode1,PIN Code,textLength,equal,6,TO_IMPLEMENT,
Income Details,AC30,,,textLength,equal,6,TO_IMPLEMENT,
Income Details,AD30,,,textLength,equal,6,TO_IMPLEMENT,
Income Details,AE30,,,textLength,equal,6,TO_IMPLEMENT,
Income Details,AF30,,,textLength,equal,6,TO_IMPLEMENT,
Income Details,AG30,,,textLength,equal,6,TO_IMPLEMENT,
Income Details,AH30,,,textLength,equal,6,TO_IMPLEMENT,
Income Details,AI30,,,textLength,equal,6,TO_IMPLEMENT,
Income Details,AJ30,,,textLength,equal,6,TO_IMPLEMENT,
Income Details,AK30,,,textLength,equal,6,TO_IMPLEMENT,
Income Details,AL30,,,textLength,equal,6,TO_IMPLEMENT,
Income Details,AO189,IncD.Section234I,D10a,whole,,0,TO_IMPLEMENT,
Income Details,AP189,,D10a,whole,,0,TO_IMPLEMENT,
Income Details,AQ189,,D10a,whole,,0,TO_IMPLEMENT,
Income Details,AR189,,D10a,whole,,0,TO_IMPLEMENT,
Income Details,AS189,,D10a,whole,,0,TO_IMPLEMENT,
Income Details,AT189,,D10a,whole,,0,TO_IMPLEMENT,
Income Details,AU189,,D10a,whole,,0,TO_IMPLEMENT,
Income Details,AV189,,D10a,whole,,0,TO_IMPLEMENT,
Income Details,AW189,,D10a,whole,,0,TO_IMPLEMENT,
Income Details,U168,,,list,,Agri_dropdown,TO_IMPLEMENT,
Income Details,V168,,,list,,Agri_dropdown,TO_IMPLEMENT,
Income Details,W168,,,list,,Agri_dropdown,TO_IMPLEMENT,
Income Details,X168,,,list,,Agri_dropdown,TO_IMPLEMENT,
Income Details,Y168,,,list,,Agri_dropdown,TO_IMPLEMENT,
Income Details,Z168,,,list,,Agri_dropdown,TO_IMPLEMENT,
Income Details,AA168,,,list,,Agri_dropdown,TO_IMPLEMENT,
Income Details,AB168,,,list,,Agri_dropdown,TO_IMPLEMENT,
Income Details,AC168,,,list,,Agri_dropdown,TO_IMPLEMENT,
Income Details,AD168,,,list,,Agri_dropdown,TO_IMPLEMENT,
Income Details,AE168,,,list,,Agri_dropdown,TO_IMPLEMENT,
Income Details,AF168,,,list,,Agri_dropdown,TO_IMPLEMENT,
Income Details,U169,,,list,,Agri_dropdown,TO_IMPLEMENT,
Income Details,V169,,,list,,Agri_dropdown,TO_IMPLEMENT,
Income Details,W169,,,list,,Agri_dropdown,TO_IMPLEMENT,
Income Details,X169,,,list,,Agri_dropdown,TO_IMPLEMENT,
Income Details,Y169,,,list,,Agri_dropdown,TO_IMPLEMENT,
Income Details,Z169,,,list,,Agri_dropdown,TO_IMPLEMENT,
Income Details,AA169,,,list,,Agri_dropdown,TO_IMPLEMENT,
Income Details,AB169,,,list,,Agri_dropdown,TO_IMPLEMENT,
Income Details,AC169,,,list,,Agri_dropdown,TO_IMPLEMENT,
Income Details,AD169,,,list,,Agri_dropdown,TO_IMPLEMENT,
Income Details,AE169,,,list,,Agri_dropdown,TO_IMPLEMENT,
Income Details,AF169,,,list,,Agri_dropdown,TO_IMPLEMENT,
Income Details,AO65,,,whole,,0,TO_IMPLEMENT,
Income Details,H118,Type_80CCC,Type of Identifier,list,lessThanOrEqual,"""(Select),PRAN,Other than PRAN""",TO_IMPLEMENT,
Income Details,I118,,,list,lessThanOrEqual,"""(Select),PRAN,Other than PRAN""",TO_IMPLEMENT,
Income Details,J118,,,list,lessThanOrEqual,"""(Select),PRAN,Other than PRAN""",TO_IMPLEMENT,
Income Details,K118,,,list,lessThanOrEqual,"""(Select),PRAN,Other than PRAN""",TO_IMPLEMENT,
Income Details,L118,,,list,lessThanOrEqual,"""(Select),PRAN,Other than PRAN""",TO_IMPLEMENT,
Income Details,M118,,,list,lessThanOrEqual,"""(Select),PRAN,Other than PRAN""",TO_IMPLEMENT,
Income Details,N118,,,list,lessThanOrEqual,"""(Select),PRAN,Other than PRAN""",TO_IMPLEMENT,
Income Details,O118,,,list,lessThanOrEqual,"""(Select),PRAN,Other than PRAN""",TO_IMPLEMENT,
Income Details,P118,,,list,lessThanOrEqual,"""(Select),PRAN,Other than PRAN""",TO_IMPLEMENT,
Income Details,Q118,,,list,lessThanOrEqual,"""(Select),PRAN,Other than PRAN""",TO_IMPLEMENT,
Income Details,R118,,,list,lessThanOrEqual,"""(Select),PRAN,Other than PRAN""",TO_IMPLEMENT,
Income Details,S118,,,list,lessThanOrEqual,"""(Select),PRAN,Other than PRAN""",TO_IMPLEMENT,
Income Details,T118,,,list,lessThanOrEqual,"""(Select),PRAN,Other than PRAN""",TO_IMPLEMENT,
Income Details,U118,,,list,lessThanOrEqual,"""(Select),PRAN,Other than PRAN""",TO_IMPLEMENT,
Income Details,V118,,,list,lessThanOrEqual,"""(Select),PRAN,Other than PRAN""",TO_IMPLEMENT,
Income Details,W118,,,list,lessThanOrEqual,"""(Select),PRAN,Other than PRAN""",TO_IMPLEMENT,
Income Details,X118,,,list,lessThanOrEqual,"""(Select),PRAN,Other than PRAN""",TO_IMPLEMENT,
Income Details,H119,,Type of Identifier,list,lessThanOrEqual,"""(Select),PRAN,Other than PRAN""",TO_IMPLEMENT,
Income Details,I119,,,list,lessThanOrEqual,"""(Select),PRAN,Other than PRAN""",TO_IMPLEMENT,
Income Details,J119,,,list,lessThanOrEqual,"""(Select),PRAN,Other than PRAN""",TO_IMPLEMENT,
Income Details,K119,,,list,lessThanOrEqual,"""(Select),PRAN,Other than PRAN""",TO_IMPLEMENT,
Income Details,L119,,,list,lessThanOrEqual,"""(Select),PRAN,Other than PRAN""",TO_IMPLEMENT,
Income Details,M119,,,list,lessThanOrEqual,"""(Select),PRAN,Other than PRAN""",TO_IMPLEMENT,
Income Details,N119,,,list,lessThanOrEqual,"""(Select),PRAN,Other than PRAN""",TO_IMPLEMENT,
Income Details,O119,,,list,lessThanOrEqual,"""(Select),PRAN,Other than PRAN""",TO_IMPLEMENT,
Income Details,P119,,,list,lessThanOrEqual,"""(Select),PRAN,Other than PRAN""",TO_IMPLEMENT,
Income Details,Q119,,,list,lessThanOrEqual,"""(Select),PRAN,Other than PRAN""",TO_IMPLEMENT,
Income Details,R119,,,list,lessThanOrEqual,"""(Select),PRAN,Other than PRAN""",TO_IMPLEMENT,
Income Details,S119,,,list,lessThanOrEqual,"""(Select),PRAN,Other than PRAN""",TO_IMPLEMENT,
Income Details,T119,,,list,lessThanOrEqual,"""(Select),PRAN,Other than PRAN""",TO_IMPLEMENT,
Income Details,U119,,,list,lessThanOrEqual,"""(Select),PRAN,Other than PRAN""",TO_IMPLEMENT,
Income Details,V119,,,list,lessThanOrEqual,"""(Select),PRAN,Other than PRAN""",TO_IMPLEMENT,
Income Details,W119,,,list,lessThanOrEqual,"""(Select),PRAN,Other than PRAN""",TO_IMPLEMENT,
Income Details,X119,,,list,lessThanOrEqual,"""(Select),PRAN,Other than PRAN""",TO_IMPLEMENT,
Income Details,H132,pran_new,PRAN,textLength,equal,12,TO_IMPLEMENT,
Income Details,I132,,,textLength,equal,12,TO_IMPLEMENT,
Income Details,J132,,,textLength,equal,12,TO_IMPLEMENT,
Income Details,K132,,,textLength,equal,12,TO_IMPLEMENT,
Income Details,L132,,,textLength,equal,12,TO_IMPLEMENT,
Income Details,M132,,,textLength,equal,12,TO_IMPLEMENT,
Income Details,N132,,,textLength,equal,12,TO_IMPLEMENT,
Income Details,O132,,,textLength,equal,12,TO_IMPLEMENT,
Income Details,P132,,,textLength,equal,12,TO_IMPLEMENT,
Income Details,Q132,,,textLength,equal,12,TO_IMPLEMENT,
Income Details,R132,,,textLength,equal,12,TO_IMPLEMENT,
Income Details,S132,,,textLength,equal,12,TO_IMPLEMENT,
Income Details,T132,,,textLength,equal,12,TO_IMPLEMENT,
Income Details,U132,,,textLength,equal,12,TO_IMPLEMENT,
Income Details,V132,,,textLength,equal,12,TO_IMPLEMENT,
Income Details,W132,,,textLength,equal,12,TO_IMPLEMENT,
Income Details,X132,,,textLength,equal,12,TO_IMPLEMENT,
Income Details,H133,,PRAN,textLength,equal,12,TO_IMPLEMENT,
Income Details,I133,,,textLength,equal,12,TO_IMPLEMENT,
Income Details,J133,,,textLength,equal,12,TO_IMPLEMENT,
Income Details,K133,,,textLength,equal,12,TO_IMPLEMENT,
Income Details,L133,,,textLength,equal,12,TO_IMPLEMENT,
Income Details,M133,,,textLength,equal,12,TO_IMPLEMENT,
Income Details,N133,,,textLength,equal,12,TO_IMPLEMENT,
Income Details,O133,,,textLength,equal,12,TO_IMPLEMENT,
Income Details,P133,,,textLength,equal,12,TO_IMPLEMENT,
Income Details,Q133,,,textLength,equal,12,TO_IMPLEMENT,
Income Details,R133,,,textLength,equal,12,TO_IMPLEMENT,
Income Details,S133,,,textLength,equal,12,TO_IMPLEMENT,
Income Details,T133,,,textLength,equal,12,TO_IMPLEMENT,
Income Details,U133,,,textLength,equal,12,TO_IMPLEMENT,
Income Details,V133,,,textLength,equal,12,TO_IMPLEMENT,
Income Details,W133,,,textLength,equal,12,TO_IMPLEMENT,
Income Details,X133,,,textLength,equal,12,TO_IMPLEMENT,
Income Details,H134,,PRAN,textLength,equal,12,TO_IMPLEMENT,
Income Details,I134,,,textLength,equal,12,TO_IMPLEMENT,
Income Details,J134,,,textLength,equal,12,TO_IMPLEMENT,
Income Details,K134,,,textLength,equal,12,TO_IMPLEMENT,
Income Details,L134,,,textLength,equal,12,TO_IMPLEMENT,
Income Details,M134,,,textLength,equal,12,TO_IMPLEMENT,
Income Details,N134,,,textLength,equal,12,TO_IMPLEMENT,
Income Details,O134,,,textLength,equal,12,TO_IMPLEMENT,
Income Details,P134,,,textLength,equal,12,TO_IMPLEMENT,
Income Details,Q134,,,textLength,equal,12,TO_IMPLEMENT,
Income Details,R134,,,textLength,equal,12,TO_IMPLEMENT,
Income Details,S134,,,textLength,equal,12,TO_IMPLEMENT,
Income Details,T134,,,textLength,equal,12,TO_IMPLEMENT,
Income Details,U134,,,textLength,equal,12,TO_IMPLEMENT,
Income Details,V134,,,textLength,equal,12,TO_IMPLEMENT,
Income Details,W134,,,textLength,equal,12,TO_IMPLEMENT,
Income Details,X134,,,textLength,equal,12,TO_IMPLEMENT,
Income Details,Y118,Name_80CCC,Identifier No.,textLength,lessThanOrEqual,125,TO_IMPLEMENT,
Income Details,Z118,,,textLength,lessThanOrEqual,125,TO_IMPLEMENT,
Income Details,AA118,,,textLength,lessThanOrEqual,125,TO_IMPLEMENT,
Income Details,AB118,,,textLength,lessThanOrEqual,125,TO_IMPLEMENT,
Income Details,AC118,,,textLength,lessThanOrEqual,125,TO_IMPLEMENT,
Income Details,AD118,,,textLength,lessThanOrEqual,125,TO_IMPLEMENT,
Income Details,AE118,,,textLength,lessThanOrEqual,125,TO_IMPLEMENT,
Income Details,AF118,,,textLength,lessThanOrEqual,125,TO_IMPLEMENT,
Income Details,AG118,,,textLength,lessThanOrEqual,125,TO_IMPLEMENT,
Income Details,AH118,,,textLength,lessThanOrEqual,125,TO_IMPLEMENT,
Income Details,AI118,,,textLength,lessThanOrEqual,125,TO_IMPLEMENT,
Income Details,AJ118,,,textLength,lessThanOrEqual,125,TO_IMPLEMENT,
Income Details,AK118,,,textLength,lessThanOrEqual,125,TO_IMPLEMENT,
Income Details,AL118,,,textLength,lessThanOrEqual,125,TO_IMPLEMENT,
Income Details,Y119,,Identifier No.,textLength,lessThanOrEqual,125,TO_IMPLEMENT,
Income Details,Z119,,,textLength,lessThanOrEqual,125,TO_IMPLEMENT,
Income Details,AA119,,,textLength,lessThanOrEqual,125,TO_IMPLEMENT,
Income Details,AB119,,,textLength,lessThanOrEqual,125,TO_IMPLEMENT,
Income Details,AC119,,,textLength,lessThanOrEqual,125,TO_IMPLEMENT,
Income Details,AD119,,,textLength,lessThanOrEqual,125,TO_IMPLEMENT,
Income Details,AE119,,,textLength,lessThanOrEqual,125,TO_IMPLEMENT,
Income Details,AF119,,,textLength,lessThanOrEqual,125,TO_IMPLEMENT,
Income Details,AG119,,,textLength,lessThanOrEqual,125,TO_IMPLEMENT,
Income Details,AH119,,,textLength,lessThanOrEqual,125,TO_IMPLEMENT,
Income Details,AI119,,,textLength,lessThanOrEqual,125,TO_IMPLEMENT,
Income Details,AJ119,,,textLength,lessThanOrEqual,125,TO_IMPLEMENT,
Income Details,AK119,,,textLength,lessThanOrEqual,125,TO_IMPLEMENT,
Income Details,AL119,,,textLength,lessThanOrEqual,125,TO_IMPLEMENT,
Income Details,Y14,sheet1.MobileCountryCode,Primary Mobile No. of the taxpayer,textLength,lessThanOrEqual,5,TO_IMPLEMENT,
Income Details,AN14,sheet1.MobileCountryCode1,Secondary Mobile No.,textLength,lessThanOrEqual,5,TO_IMPLEMENT,
Income Details,AH168,Sheet5.DescEI,Description,textLength,lessThanOrEqual,125,TO_IMPLEMENT,
Income Details,AI168,,,textLength,lessThanOrEqual,125,TO_IMPLEMENT,
Income Details,AJ168,,,textLength,lessThanOrEqual,125,TO_IMPLEMENT,
Income Details,AK168,,,textLength,lessThanOrEqual,125,TO_IMPLEMENT,
Income Details,AL168,,,textLength,lessThanOrEqual,125,TO_IMPLEMENT,
Income Details,AM168,,,textLength,lessThanOrEqual,125,TO_IMPLEMENT,
Income Details,AN168,,C2,textLength,lessThanOrEqual,125,TO_IMPLEMENT,
Income Details,AO168,,,textLength,lessThanOrEqual,125,TO_IMPLEMENT,
Income Details,AH169,,Description,textLength,lessThanOrEqual,125,TO_IMPLEMENT,
Income Details,AI169,,,textLength,lessThanOrEqual,125,TO_IMPLEMENT,
Income Details,AJ169,,,textLength,lessThanOrEqual,125,TO_IMPLEMENT,
Income Details,AK169,,,textLength,lessThanOrEqual,125,TO_IMPLEMENT,
Income Details,AL169,,,textLength,lessThanOrEqual,125,TO_IMPLEMENT,
Income Details,AM169,,,textLength,lessThanOrEqual,125,TO_IMPLEMENT,
Income Details,AN169,,,textLength,lessThanOrEqual,125,TO_IMPLEMENT,
Income Details,AO169,,,textLength,lessThanOrEqual,125,TO_IMPLEMENT,
Income Details,T168,Nature_Others,Sub-Category,list,,Othe_dropdown,TO_IMPLEMENT,
Income Details,T169,,Sub-Category,list,,Othe_dropdown,TO_IMPLEMENT,
Income Details,J66,Others.NOI_1,B1,list,,Dropdown_115BAC_Y,TO_IMPLEMENT,
Income Details,K66,,(Select),list,,Dropdown_115BAC_Y,TO_IMPLEMENT,
Income Details,L66,,(Select),list,,Dropdown_115BAC_Y,TO_IMPLEMENT,
Income Details,M66,,(Select),list,,Dropdown_115BAC_Y,TO_IMPLEMENT,
Income Details,N66,,(Select),list,,Dropdown_115BAC_Y,TO_IMPLEMENT,
Income Details,O66,,(Select),list,,Dropdown_115BAC_Y,TO_IMPLEMENT,
Income Details,P66,,(Select),list,,Dropdown_115BAC_Y,TO_IMPLEMENT,
Income Details,Q66,,(Select),list,,Dropdown_115BAC_Y,TO_IMPLEMENT,
Income Details,R66,,(Select),list,,Dropdown_115BAC_Y,TO_IMPLEMENT,
Income Details,S66,,(Select),list,,Dropdown_115BAC_Y,TO_IMPLEMENT,
Income Details,T66,,(Select),list,,Dropdown_115BAC_Y,TO_IMPLEMENT,
Income Details,U66,,(Select),list,,Dropdown_115BAC_Y,TO_IMPLEMENT,
Income Details,V66,,,list,,Dropdown_115BAC_Y,TO_IMPLEMENT,
Income Details,W66,,,list,,Dropdown_115BAC_Y,TO_IMPLEMENT,
Income Details,X66,,,list,,Dropdown_115BAC_Y,TO_IMPLEMENT,
Income Details,Y66,,,list,,Dropdown_115BAC_Y,TO_IMPLEMENT,
Income Details,J67,,(Select),list,,Dropdown_115BAC_Y,TO_IMPLEMENT,
Income Details,K67,,(Select),list,,Dropdown_115BAC_Y,TO_IMPLEMENT,
Income Details,L67,,(Select),list,,Dropdown_115BAC_Y,TO_IMPLEMENT,
Income Details,M67,,(Select),list,,Dropdown_115BAC_Y,TO_IMPLEMENT,
Income Details,N67,,(Select),list,,Dropdown_115BAC_Y,TO_IMPLEMENT,
Income Details,O67,,(Select),list,,Dropdown_115BAC_Y,TO_IMPLEMENT,
Income Details,P67,,(Select),list,,Dropdown_115BAC_Y,TO_IMPLEMENT,
Income Details,Q67,,(Select),list,,Dropdown_115BAC_Y,TO_IMPLEMENT,
Income Details,R67,,(Select),list,,Dropdown_115BAC_Y,TO_IMPLEMENT,
Income Details,S67,,(Select),list,,Dropdown_115BAC_Y,TO_IMPLEMENT,
Income Details,T67,,(Select),list,,Dropdown_115BAC_Y,TO_IMPLEMENT,
Income Details,U67,,(Select),list,,Dropdown_115BAC_Y,TO_IMPLEMENT,
Income Details,V67,,,list,,Dropdown_115BAC_Y,TO_IMPLEMENT,
Income Details,W67,,,list,,Dropdown_115BAC_Y,TO_IMPLEMENT,
Income Details,X67,,,list,,Dropdown_115BAC_Y,TO_IMPLEMENT,
Income Details,Y67,,,list,,Dropdown_115BAC_Y,TO_IMPLEMENT,
HP,K37,HP.TotalDeduct1,Total (1g+1h),whole,,-999999999999999,TO_IMPLEMENT,
HP,G6,HP.CityOrTownOrDistrict1,Town/ City,textLength,lessThanOrEqual,50,TO_IMPLEMENT,
HP,F42,HP.AddrDetail2,Address,textLength,lessThanOrEqual,50,TO_IMPLEMENT,
HP,F6,HP.AddrDetail1,Address,textLength,lessThanOrEqual,50,TO_IMPLEMENT,
HP,H9,HP.Co.Pan1,PAN of Other Co-owner(s),textLength,equal,10,TO_IMPLEMENT,
HP,H10,,PAN of Other Co-owner(s),textLength,equal,10,TO_IMPLEMENT,
HP,H11,,PAN of Other Co-owner(s),textLength,equal,10,TO_IMPLEMENT,
HP,H12,,,textLength,equal,10,TO_IMPLEMENT,
HP,H13,,,textLength,equal,10,TO_IMPLEMENT,
HP,H14,,,textLength,equal,10,TO_IMPLEMENT,
HP,H15,,,textLength,equal,10,TO_IMPLEMENT,
HP,H45,HP.Co.Pan2,PAN of Other Co-owner(s),textLength,equal,10,TO_IMPLEMENT,
HP,H46,,PAN of Other Co-owner(s),textLength,equal,10,TO_IMPLEMENT,
HP,H47,,PAN of Other Co-owner(s),textLength,equal,10,TO_IMPLEMENT,
HP,H48,,,textLength,equal,10,TO_IMPLEMENT,
HP,H49,,,textLength,equal,10,TO_IMPLEMENT,
HP,H50,,,textLength,equal,10,TO_IMPLEMENT,
HP,H51,,,textLength,equal,10,TO_IMPLEMENT,
HP,J18,HP.TANofTenant1,PAN/TAN of Tenant(s) (if TDS credit is claimed),textLength,equal,10,TO_IMPLEMENT,
HP,J19,,PAN/TAN of Tenant(s) (if TDS credit is claimed),textLength,equal,10,TO_IMPLEMENT,
HP,J20,,PAN/TAN of Tenant(s) (if TDS credit is claimed),textLength,equal,10,TO_IMPLEMENT,
HP,J54,HP.TANofTenant2,PAN/TAN of Tenant(s) (if TDS credit is claimed),textLength,equal,10,TO_IMPLEMENT,
HP,J55,,PAN/TAN of Tenant(s) (if TDS credit is claimed),textLength,equal,10,TO_IMPLEMENT,
HP,J56,,PAN/TAN of Tenant(s) (if TDS credit is claimed),textLength,equal,10,TO_IMPLEMENT,
HP,J9,HP.Co.Share1,Percentage share of other co-owner(s) in property (%),decimal,,0,TO_IMPLEMENT,
HP,J10,,Percentage share of other co-owner(s) in property (%),decimal,,0,TO_IMPLEMENT,
HP,J11,,Percentage share of other co-owner(s) in property (%),decimal,,0,TO_IMPLEMENT,
HP,J12,,,decimal,,0,TO_IMPLEMENT,
HP,J13,,,decimal,,0,TO_IMPLEMENT,
HP,J14,,,decimal,,0,TO_IMPLEMENT,
HP,J15,,,decimal,,0,TO_IMPLEMENT,
HP,J45,HP.Co.Share2,Percentage share of other co-owner(s) in property (%),decimal,,0,TO_IMPLEMENT,
HP,J46,,Percentage share of other co-owner(s) in property (%),decimal,,0,TO_IMPLEMENT,
HP,J47,,Percentage share of other co-owner(s) in property (%),decimal,,0,TO_IMPLEMENT,
HP,J48,,,decimal,,0,TO_IMPLEMENT,
HP,J49,,,decimal,,0,TO_IMPLEMENT,
HP,J50,,,decimal,,0,TO_IMPLEMENT,
HP,J51,,,decimal,,0,TO_IMPLEMENT,
HP,I18,HP.AadharofTenant1,Aadhaar No. of Tenant(s)  (if available),textLength,equal,12,TO_IMPLEMENT,
HP,I19,,Aadhaar No. of Tenant(s)  (if available),textLength,equal,12,TO_IMPLEMENT,
HP,I20,,Aadhaar No. of Tenant(s)  (if available),textLength,equal,12,TO_IMPLEMENT,
HP,I54,HP.AadharofTenant2,Aadhaar Number of Tenant (s),textLength,equal,12,TO_IMPLEMENT,
HP,I55,,Aadhaar Number of Tenant (s),textLength,equal,12,TO_IMPLEMENT,
HP,I56,,Aadhaar Number of Tenant (s),textLength,equal,12,TO_IMPLEMENT,
HP,K8,HP.SharePercent1,Percentage share of other co-owner(s) in property (%),decimal,,0,TO_IMPLEMENT,
HP,K44,HP.SharePercent2,Percentage share of other co-owner(s) in property (%),decimal,,0,TO_IMPLEMENT,
HP,H7,HP.OwnerPropertyDescription1,(Select),textLength,lessThanOrEqual,50,TO_IMPLEMENT,
HP,H43,HP.OwnerPropertyDescription2,"Owner of the Property
(Please specify if others is selected )",textLength,lessThanOrEqual,50,TO_IMPLEMENT,
HP,G43,HP.OwnerProperty2,"Owner of the Property
(Please specify if others is selected )",list,,HP.OwnerPropertyDropdown,TO_IMPLEMENT,
HP,F8,,Owner of the Property,,lessThanOrEqual,,TO_IMPLEMENT,
HP,F9,HP.Co.Srno1,S.No,,lessThanOrEqual,,TO_IMPLEMENT,
HP,F10,,S.No,,lessThanOrEqual,,TO_IMPLEMENT,
HP,F11,,S.No,,lessThanOrEqual,,TO_IMPLEMENT,
HP,F12,,,,lessThanOrEqual,,TO_IMPLEMENT,
HP,F13,,,,lessThanOrEqual,,TO_IMPLEMENT,
HP,F14,,,,lessThanOrEqual,,TO_IMPLEMENT,
HP,F15,,,,lessThanOrEqual,,TO_IMPLEMENT,
HP,I7,,(Select),,lessThanOrEqual,,TO_IMPLEMENT,
HP,I43,,"Owner of the Property
(Please specify if others is selected )",,lessThanOrEqual,,TO_IMPLEMENT,
HP,F44,,"Owner of the Property
(Please specify if others is selected )",,lessThanOrEqual,,TO_IMPLEMENT,
HP,F45,HP.Co.Srno2,S.No,,lessThanOrEqual,,TO_IMPLEMENT,
HP,F46,,S.No,,lessThanOrEqual,,TO_IMPLEMENT,
HP,F47,,S.No,,lessThanOrEqual,,TO_IMPLEMENT,
HP,F48,,,,lessThanOrEqual,,TO_IMPLEMENT,
HP,F49,,,,lessThanOrEqual,,TO_IMPLEMENT,
HP,F50,,,,lessThanOrEqual,,TO_IMPLEMENT,
HP,F51,,,,lessThanOrEqual,,TO_IMPLEMENT,
HP,H8,,Name of Other Co-owner(s),,,,TO_IMPLEMENT,
HP,K7,,(Select),,,,TO_IMPLEMENT,
HP,H44,,Name of Other Co-owner(s),,,,TO_IMPLEMENT,
HP,K43,,Is the property co-owned?,,,,TO_IMPLEMENT,
HP,K38,HP.RentOfEarlierYrSec_AandAA1,Arrears/Unrealized Rent received during the year Less 30%,whole,,0,TO_IMPLEMENT,
HP,K74,HP.RentOfEarlierYrSec_AandAA2,Arrears/Unrealized Rent received during the year Less 30%,whole,,0,TO_IMPLEMENT,
HP,I45,HP.Co.Aadhaar2,Aadhaar No. of Other Co-owner(s),whole,,100000000000,TO_IMPLEMENT,
HP,I46,,Aadhaar No. of Other Co-owner(s),whole,,100000000000,TO_IMPLEMENT,
HP,I47,,Aadhaar No. of Other Co-owner(s),whole,,100000000000,TO_IMPLEMENT,
HP,I48,,,whole,,100000000000,TO_IMPLEMENT,
HP,I49,,,whole,,100000000000,TO_IMPLEMENT,
HP,I50,,,whole,,100000000000,TO_IMPLEMENT,
HP,I51,,,whole,,100000000000,TO_IMPLEMENT,
HP,I9,HP.Co.Aadhaar1,Aadhaar No. of Other Co-owner(s),whole,,100000000000,TO_IMPLEMENT,
HP,I10,,Aadhaar No. of Other Co-owner(s),whole,,100000000000,TO_IMPLEMENT,
HP,I11,,Aadhaar No. of Other Co-owner(s),whole,,100000000000,TO_IMPLEMENT,
HP,I12,,,whole,,100000000000,TO_IMPLEMENT,
HP,I13,,,whole,,100000000000,TO_IMPLEMENT,
HP,I14,,,whole,,100000000000,TO_IMPLEMENT,
HP,I15,,,whole,,100000000000,TO_IMPLEMENT,
HP,J42,HP.PinCode2,91-INDIA,whole,,100000,TO_IMPLEMENT,
HP,J6,HP.PinCode1,91-INDIA,whole,,100000,TO_IMPLEMENT,
HP,I42,HP.CountryCode2,Country,list,,CountList,TO_IMPLEMENT,
HP,K42,HP.ZipCode2,91-INDIA,textLength,lessThanOrEqual,8,TO_IMPLEMENT,
HP,K6,HP.ZipCode1,91-INDIA,textLength,lessThanOrEqual,8,TO_IMPLEMENT,
HP,G54,HP.NameofTenant2,Name(s) of Tenant (s) (if let out),textLength,lessThanOrEqual,125,TO_IMPLEMENT,
HP,G55,,Name(s) of Tenant (s) (if let out),textLength,lessThanOrEqual,125,TO_IMPLEMENT,
HP,G56,,Name(s) of Tenant (s) (if let out),textLength,lessThanOrEqual,125,TO_IMPLEMENT,
HP,H52,HP.ifLetOut2,Type Of House Property?,list,,"""(Select),Self Occupied, Let Out, Deemed Let Out""",TO_IMPLEMENT,
HP,L7,,Your percentage of share in the Property(%),decimal,,0,TO_IMPLEMENT,
HP,J7,HP.CoOwnedYN1,Is the property co-owned (if “YES” please enter following details),list,,PortugueseCode,TO_IMPLEMENT,
HP,J43,HP.CoOwnedYN2,Is the property co-owned?,list,,PortugueseCode,TO_IMPLEMENT,
HP,H42,HP.StateCode2,State,list,,StateList,TO_IMPLEMENT,
HP,G42,HP.CityOrTownOrDistrict2,Town/ City,textLength,lessThanOrEqual,50,TO_IMPLEMENT,
HP,G9,Co_OwnnerBlock1;HP.Co.Name1,Name of Other Co-owner(s),textLength,lessThanOrEqual,125,TO_IMPLEMENT,
HP,G10,,Name of Other Co-owner(s),textLength,lessThanOrEqual,125,TO_IMPLEMENT,
HP,G11,,Name of Other Co-owner(s),textLength,lessThanOrEqual,125,TO_IMPLEMENT,
HP,G12,,,textLength,lessThanOrEqual,125,TO_IMPLEMENT,
HP,G13,,,textLength,lessThanOrEqual,125,TO_IMPLEMENT,
HP,G14,,,textLength,lessThanOrEqual,125,TO_IMPLEMENT,
HP,G15,,,textLength,lessThanOrEqual,125,TO_IMPLEMENT,
HP,G45,Co_OwnnerBlock2;HP.Co.Name2,Name of Other Co-owner(s),textLength,lessThanOrEqual,125,TO_IMPLEMENT,
HP,G46,,Name of Other Co-owner(s),textLength,lessThanOrEqual,125,TO_IMPLEMENT,
HP,G47,,Name of Other Co-owner(s),textLength,lessThanOrEqual,125,TO_IMPLEMENT,
HP,G48,,,textLength,lessThanOrEqual,125,TO_IMPLEMENT,
HP,G49,,,textLength,lessThanOrEqual,125,TO_IMPLEMENT,
HP,G50,,,textLength,lessThanOrEqual,125,TO_IMPLEMENT,
HP,G51,,,textLength,lessThanOrEqual,125,TO_IMPLEMENT,
HP,I8,,PAN of Other Co-owner(s),,equal,,TO_IMPLEMENT,
HP,I44,,PAN of Other Co-owner(s),,equal,,TO_IMPLEMENT,
HP,G8,,S.No,,lessThanOrEqual,,TO_IMPLEMENT,
HP,G44,,S.No,,lessThanOrEqual,,TO_IMPLEMENT,
HP,F16,,,textLength,lessThanOrEqual,75,TO_IMPLEMENT,
HP,F52,,,textLength,lessThanOrEqual,75,TO_IMPLEMENT,
HP,K25,HP.BalanceALV1,"Annual value (1a – 1d) (nil, if self -occupied etc. as per section 23(2)of the Act)",whole,,-99999999999999,TO_IMPLEMENT,
HP,K61,HP.BalanceALV2,"Annual value (1a – 1d) (nil, if self -occupied etc. as per section 23(2)of the Act)",whole,,-99999999999999,TO_IMPLEMENT,
HP,I23,HP.LocalTaxes1,Tax paid to local authorities,whole,,0,TO_IMPLEMENT,
HP,I59,HP.LocalTaxes2,Tax paid to local authorities,whole,,0,TO_IMPLEMENT,
HP,I22,HP.RentNotRealized1,The amount of rent which cannot be realized,whole,,0,TO_IMPLEMENT,
HP,I58,HP.RentNotRealized2,The amount of rent which cannot be realized,whole,,0,TO_IMPLEMENT,
HP,K21,HP.AnnualLetableValue1,Gross rent received/ receivable/ lettable value during the year,whole,,0,TO_IMPLEMENT,
HP,K57,HP.AnnualLetableValue2,Gross rent received/ receivable/ lettable value during the year,whole,,0,TO_IMPLEMENT,
HP,H54,HP.PANofTenant2,PAN  of Tenant(s) (if available),textLength,equal,10,TO_IMPLEMENT,
HP,H55,,PAN  of Tenant(s) (if available),textLength,equal,10,TO_IMPLEMENT,
HP,H56,,PAN  of Tenant(s) (if available),textLength,equal,10,TO_IMPLEMENT,
HP,I16,,(Select),textLength,equal,6,TO_IMPLEMENT,
HP,I52,,(Select),textLength,equal,6,TO_IMPLEMENT,
HP,K26,HP.IncomeOfHPInOwnHand1,Annual value of the property owned (own percentage share x 1e),whole,,-99999999999999,TO_IMPLEMENT,
HP,K75,HP.IncomeOfHP2,Income from house property 2 (1f – 1i + 1j),whole,,-99999999999999,TO_IMPLEMENT,
HP,K62,HP.IncomeOfHPInOwnHand2,Annual value of the property owned (own percentage share x 1e),whole,,-99999999999999,TO_IMPLEMENT,
HP,K39,HP.IncomeOfHP1,Income from house property 1 (1f-1i + 1j),whole,,-99999999999999,TO_IMPLEMENT,
HP,I63,HP.ThirtyPercentOfBalance2,30% of Annual Value (30% *1f),whole,,0,TO_IMPLEMENT,
HP,I27,HP.ThirtyPercentOfBalance1,30% of Annual Value (30% *1f),whole,,0,TO_IMPLEMENT,
HP,I28,HP.IntOnBorwCap1,Interest payable on borrowed capital,whole,,0,TO_IMPLEMENT,
HP,H6,HP.StateCode1,State,list,,StateList,TO_IMPLEMENT,
HP,I6,HP.CountryCode1,(Select),list,,CountList,TO_IMPLEMENT,
HP,G7,HP.OwnerProperty1,Owner of the Property,list,,HP.OwnerPropertyDropdown,TO_IMPLEMENT,
HP,H16,HP.ifLetOut1,Type of House property?,list,,"""(Select),Self Occupied, Let Out, Deemed Let Out""",TO_IMPLEMENT,
HP,G18,HP.NameofTenant1,Name(s) of Tenant (if let out),textLength,lessThanOrEqual,125,TO_IMPLEMENT,
HP,G19,,Name(s) of Tenant (if let out),textLength,lessThanOrEqual,125,TO_IMPLEMENT,
HP,G20,,Name(s) of Tenant (if let out),textLength,lessThanOrEqual,125,TO_IMPLEMENT,
HP,H18,HP.PANofTenant1,PAN  of Tenant(s) (if available),textLength,equal,10,TO_IMPLEMENT,
HP,H19,,PAN  of Tenant(s) (if available),textLength,equal,10,TO_IMPLEMENT,
HP,H20,,PAN  of Tenant(s) (if available),textLength,equal,10,TO_IMPLEMENT,
HP,K36,TotAmt.24b1,Total Interest on borrowed capital u/s 24(b),whole,,0,TO_IMPLEMENT,
HP,K72,TotAmt.24b2,Total Interest on borrowed capital u/s 24(b),whole,,0,TO_IMPLEMENT,
HP,I68,loanAmt.24b2,Total amount of loan,whole,,0,TO_IMPLEMENT,
HP,J68,loanOutstanding.24b2,vi,whole,,0,TO_IMPLEMENT,
HP,K68,Intrst.24b2,vii,whole,,0,TO_IMPLEMENT,
HP,I69,,Total amount of loan,whole,,0,TO_IMPLEMENT,
HP,J69,,vi,whole,,0,TO_IMPLEMENT,
HP,K69,,vii,whole,,0,TO_IMPLEMENT,
HP,I70,,,whole,,0,TO_IMPLEMENT,
HP,J70,,vi,whole,,0,TO_IMPLEMENT,
HP,K70,,vii,whole,,0,TO_IMPLEMENT,
HP,I71,,,whole,,0,TO_IMPLEMENT,
HP,J71,,,whole,,0,TO_IMPLEMENT,
HP,K71,,,whole,,0,TO_IMPLEMENT,
HP,I32,loanAmt.24b1,Total amount of loan,whole,,0,TO_IMPLEMENT,
HP,J32,loanOutstanding.24b1,vi,whole,,0,TO_IMPLEMENT,
HP,K32,Intrst.24b1,vii,whole,,0,TO_IMPLEMENT,
HP,I33,,Total amount of loan,whole,,0,TO_IMPLEMENT,
HP,J33,,vi,whole,,0,TO_IMPLEMENT,
HP,K33,,vii,whole,,0,TO_IMPLEMENT,
HP,I34,,,whole,,0,TO_IMPLEMENT,
HP,J34,,vi,whole,,0,TO_IMPLEMENT,
HP,K34,,vii,whole,,0,TO_IMPLEMENT,
HP,I35,,,whole,,0,TO_IMPLEMENT,
HP,J35,,,whole,,0,TO_IMPLEMENT,
HP,K35,,,whole,,0,TO_IMPLEMENT,
HP,H32,loanDate.24b1,iv,textLength,equal,10,TO_IMPLEMENT,
HP,H33,,iv,textLength,equal,10,TO_IMPLEMENT,
HP,H34,,iv,textLength,equal,10,TO_IMPLEMENT,
HP,H35,,,textLength,equal,10,TO_IMPLEMENT,
HP,H68,loanDate.24b2,iv,textLength,equal,10,TO_IMPLEMENT,
HP,H69,,iv,textLength,equal,10,TO_IMPLEMENT,
HP,H70,,iv,textLength,equal,10,TO_IMPLEMENT,
HP,H71,,,textLength,equal,10,TO_IMPLEMENT,
HP,G32,loanAccNum.24b1,iii,textLength,,1,TO_IMPLEMENT,
HP,G33,,iii,textLength,,1,TO_IMPLEMENT,
HP,G34,,iii,textLength,,1,TO_IMPLEMENT,
HP,G35,,,textLength,,1,TO_IMPLEMENT,
HP,G68,loanAccNum.24b2,iii,textLength,,1,TO_IMPLEMENT,
HP,G69,,iii,textLength,,1,TO_IMPLEMENT,
HP,G70,,iii,textLength,,1,TO_IMPLEMENT,
HP,G71,,,textLength,,1,TO_IMPLEMENT,
HP,E32,LoanfrmBankOrInstitute.24b1,Loan taken from,list,,"""(Select),Bank , Other than Bank""",TO_IMPLEMENT,
HP,E33,,Loan taken from,list,,"""(Select),Bank , Other than Bank""",TO_IMPLEMENT,
HP,E34,,,list,,"""(Select),Bank , Other than Bank""",TO_IMPLEMENT,
HP,E35,,,list,,"""(Select),Bank , Other than Bank""",TO_IMPLEMENT,
HP,E68,LoanfrmBankOrInstitute.24b2,Loan taken from,list,,"""(Select),Bank , Other than Bank""",TO_IMPLEMENT,
HP,E69,,Loan taken from,list,,"""(Select),Bank , Other than Bank""",TO_IMPLEMENT,
HP,E70,,,list,,"""(Select),Bank , Other than Bank""",TO_IMPLEMENT,
HP,E71,,,list,,"""(Select),Bank , Other than Bank""",TO_IMPLEMENT,
HP,F32,bankName.24b1,ii,textLength,lessThanOrEqual,125,TO_IMPLEMENT,
HP,F33,,ii,textLength,lessThanOrEqual,125,TO_IMPLEMENT,
HP,F34,,ii,textLength,lessThanOrEqual,125,TO_IMPLEMENT,
HP,F35,,,textLength,lessThanOrEqual,125,TO_IMPLEMENT,
HP,F68,bankName.24b2,ii,textLength,lessThanOrEqual,125,TO_IMPLEMENT,
HP,F69,,ii,textLength,lessThanOrEqual,125,TO_IMPLEMENT,
HP,F70,,ii,textLength,lessThanOrEqual,125,TO_IMPLEMENT,
HP,F71,,,textLength,lessThanOrEqual,125,TO_IMPLEMENT,
TDS,E18,,(1),textLength,equal,10,TO_IMPLEMENT,
TDS,E19,,(1),textLength,equal,10,TO_IMPLEMENT,
TDS,E20,,,textLength,equal,10,TO_IMPLEMENT,
TDS,E21,,,textLength,equal,10,TO_IMPLEMENT,
TDS,K28,TDS26QB.TotTDSOnAmtPaid,(6),whole,,0,TO_IMPLEMENT,
TDS,K29,,(6),whole,,0,TO_IMPLEMENT,
TDS,K30,,(6),whole,,0,TO_IMPLEMENT,
TDS,K31,,,whole,,0,TO_IMPLEMENT,
TDS,J17,TDSoth.TotTDSOnAmtPaid,(5),whole,,0,TO_IMPLEMENT,
TDS,J18,,(5),whole,,0,TO_IMPLEMENT,
TDS,J19,,(5),whole,,0,TO_IMPLEMENT,
TDS,J20,,,whole,,0,TO_IMPLEMENT,
TDS,J21,,,whole,,0,TO_IMPLEMENT,
TDS,F6,TDSal.EmployerOrDeductorOrCollecterName,(2),textLength,lessThanOrEqual,125,TO_IMPLEMENT,
TDS,F7,,(2),textLength,lessThanOrEqual,125,TO_IMPLEMENT,
TDS,F8,,(2),textLength,lessThanOrEqual,125,TO_IMPLEMENT,
TDS,F9,,,textLength,lessThanOrEqual,125,TO_IMPLEMENT,
TDS,F10,,,textLength,lessThanOrEqual,125,TO_IMPLEMENT,
TDS,G6,TDSal.IncChrgSalary,(3),whole,,0,TO_IMPLEMENT,
TDS,G7,,(3),whole,,0,TO_IMPLEMENT,
TDS,G8,,(3),whole,,0,TO_IMPLEMENT,
TDS,G9,,,whole,,0,TO_IMPLEMENT,
TDS,G10,,,whole,,0,TO_IMPLEMENT,
TDS,H11,TDSal.Sum,Total,whole,,0,TO_IMPLEMENT,
TDS,F17,TDSoth.EmployerOrDeductorOrCollecterName,(2a),textLength,lessThanOrEqual,125,TO_IMPLEMENT,
TDS,F18,,(2a),textLength,lessThanOrEqual,125,TO_IMPLEMENT,
TDS,F19,,(2a),textLength,lessThanOrEqual,125,TO_IMPLEMENT,
TDS,F20,,,textLength,lessThanOrEqual,125,TO_IMPLEMENT,
TDS,F21,,,textLength,lessThanOrEqual,125,TO_IMPLEMENT,
TDS,F38,TaxP.DateDep,(2),textLength,equal,10,TO_IMPLEMENT,
TDS,F39,,(2),textLength,equal,10,TO_IMPLEMENT,
TDS,F40,,(2),textLength,equal,10,TO_IMPLEMENT,
TDS,F41,,,textLength,equal,10,TO_IMPLEMENT,
TDS,F42,,,textLength,equal,10,TO_IMPLEMENT,
TDS,E38,TaxP.BSRCode,(1),textLength,equal,7,TO_IMPLEMENT,
TDS,E39,,(1),textLength,equal,7,TO_IMPLEMENT,
TDS,E40,,(1),textLength,equal,7,TO_IMPLEMENT,
TDS,E41,,,textLength,equal,7,TO_IMPLEMENT,
TDS,E42,,,textLength,equal,7,TO_IMPLEMENT,
TDS,G38,TaxP.SrlNoOfChaln,(3),textLength,lessThanOrEqual,5,TO_IMPLEMENT,
TDS,G39,,(3),textLength,lessThanOrEqual,5,TO_IMPLEMENT,
TDS,G40,,(3),textLength,lessThanOrEqual,5,TO_IMPLEMENT,
TDS,G41,,,textLength,lessThanOrEqual,5,TO_IMPLEMENT,
TDS,G42,,,textLength,lessThanOrEqual,5,TO_IMPLEMENT,
TDS,H6,TDSal.TotalTDSSalary,(4),whole,,0,TO_IMPLEMENT,
TDS,H7,,(4),whole,,0,TO_IMPLEMENT,
TDS,H8,,(4),whole,,0,TO_IMPLEMENT,
TDS,H9,,,whole,,0,TO_IMPLEMENT,
TDS,H10,,,whole,,0,TO_IMPLEMENT,
TDS,I17,TDSoth.DeductedYear,(4),list,,TDS2_YearRange,TO_IMPLEMENT,
TDS,I18,,(4),list,,TDS2_YearRange,TO_IMPLEMENT,
TDS,I19,,(4),list,,TDS2_YearRange,TO_IMPLEMENT,
TDS,I20,,,list,,TDS2_YearRange,TO_IMPLEMENT,
TDS,I21,,,list,,TDS2_YearRange,TO_IMPLEMENT,
TDS,E28,TDS26QB.PAN,(1),textLength,equal,10,TO_IMPLEMENT,
TDS,E29,,(1),textLength,equal,10,TO_IMPLEMENT,
TDS,E30,,(1),textLength,equal,10,TO_IMPLEMENT,
TDS,E31,,,textLength,equal,10,TO_IMPLEMENT,
TDS,J28,TDS26QB.DeductedYear,(5),list,,TDS3_YearRange,TO_IMPLEMENT,
TDS,J29,,(5),list,,TDS3_YearRange,TO_IMPLEMENT,
TDS,J30,,(5),list,,TDS3_YearRange,TO_IMPLEMENT,
TDS,J31,,,list,,TDS3_YearRange,TO_IMPLEMENT,
TDS,K17,TDSoth.6income,(6),whole,,0,TO_IMPLEMENT,
TDS,K18,,(6),whole,,0,TO_IMPLEMENT,
TDS,K19,,(6),whole,,0,TO_IMPLEMENT,
TDS,K20,,,whole,,0,TO_IMPLEMENT,
TDS,K21,,,whole,,0,TO_IMPLEMENT,
TDS,H38,TaxP.Amt,(4),whole,,0,TO_IMPLEMENT,
TDS,H39,,(4),whole,,0,TO_IMPLEMENT,
TDS,H40,,(4),whole,,0,TO_IMPLEMENT,
TDS,H41,,,whole,,0,TO_IMPLEMENT,
TDS,H42,,,whole,,0,TO_IMPLEMENT,
TDS,F28,TDS26QB.Aadhar_Number,(2),textLength,equal,12,TO_IMPLEMENT,
TDS,F29,,(2),textLength,equal,12,TO_IMPLEMENT,
TDS,F30,,(2),textLength,equal,12,TO_IMPLEMENT,
TDS,F31,,,textLength,equal,12,TO_IMPLEMENT,
TDS,G28,TDS26QB.EmployerOrDeductorName,(3a),textLength,lessThanOrEqual,125,TO_IMPLEMENT,
TDS,G29,,(3a),textLength,lessThanOrEqual,125,TO_IMPLEMENT,
TDS,G30,,(3a),textLength,lessThanOrEqual,125,TO_IMPLEMENT,
TDS,G31,,,textLength,lessThanOrEqual,125,TO_IMPLEMENT,
TDS,L28,TDS26QB.6income,(7),whole,,0,TO_IMPLEMENT,
TDS,L29,,(7),whole,,0,TO_IMPLEMENT,
TDS,L30,,(7),whole,,0,TO_IMPLEMENT,
TDS,L31,,,whole,,0,TO_IMPLEMENT,
TDS,G17,TDsOthr.SectionTDS,(2b),list,lessThanOrEqual,TDS_sectionslist,TO_IMPLEMENT,
TDS,G18,,(2b),list,lessThanOrEqual,TDS_sectionslist,TO_IMPLEMENT,
TDS,G19,,(2b),list,lessThanOrEqual,TDS_sectionslist,TO_IMPLEMENT,
TDS,G20,,,list,lessThanOrEqual,TDS_sectionslist,TO_IMPLEMENT,
TDS,G21,,,list,lessThanOrEqual,TDS_sectionslist,TO_IMPLEMENT,
TDS,H28,TDsOthr2.SectionTDSDeducted,(3b),list,lessThanOrEqual,TDS_sectionslist,TO_IMPLEMENT,
TDS,H29,,(3b),list,lessThanOrEqual,TDS_sectionslist,TO_IMPLEMENT,
TDS,H30,,(3b),list,lessThanOrEqual,TDS_sectionslist,TO_IMPLEMENT,
TDS,H31,,,list,lessThanOrEqual,TDS_sectionslist,TO_IMPLEMENT,
TDS,I28,TDS26QB.AmountDeducted,(4),whole,,0,TO_IMPLEMENT,
TDS,I29,,(4),whole,,0,TO_IMPLEMENT,
TDS,I30,,(4),whole,,0,TO_IMPLEMENT,
TDS,I31,,,whole,,0,TO_IMPLEMENT,
TDS,H17,TDSoth.AmountDeducted,(3),whole,,0,TO_IMPLEMENT,
TDS,H18,,(3),whole,,0,TO_IMPLEMENT,
TDS,H19,,(3),whole,,0,TO_IMPLEMENT,
TDS,H20,,,whole,,0,TO_IMPLEMENT,
TDS,H21,,,whole,,0,TO_IMPLEMENT,
TCS,F6,TCS.EmployerOrDeductorOrCollecterName,(2),textLength,lessThanOrEqual,125,TO_IMPLEMENT,
TCS,F7,,(2),textLength,lessThanOrEqual,125,TO_IMPLEMENT,
TCS,F8,,(2),textLength,lessThanOrEqual,125,TO_IMPLEMENT,
TCS,F9,,,textLength,lessThanOrEqual,125,TO_IMPLEMENT,
TCS,H6,TCS.CollectionYear,(4),list,,TCS_CollectedYear,TO_IMPLEMENT,
TCS,H7,,(4),list,,TCS_CollectedYear,TO_IMPLEMENT,
TCS,H8,,(4),list,,TCS_CollectedYear,TO_IMPLEMENT,
TCS,H9,,,list,,TCS_CollectedYear,TO_IMPLEMENT,
TCS,G6,TCS.AmountCollected,(3),whole,,0,TO_IMPLEMENT,
TCS,G7,,(3),whole,,0,TO_IMPLEMENT,
TCS,G8,,(3),whole,,0,TO_IMPLEMENT,
TCS,G9,,,whole,,0,TO_IMPLEMENT,
TCS,J6,TCS.AmtTCSClaimedThisYear,(6),whole,,0,TO_IMPLEMENT,
TCS,J7,,(6),whole,,0,TO_IMPLEMENT,
TCS,J8,,(6),whole,,0,TO_IMPLEMENT,
TCS,J9,,,whole,,0,TO_IMPLEMENT,
TCS,E6,TCS.TAN,(1),textLength,equal,10,TO_IMPLEMENT,
TCS,E7,,(1),textLength,equal,10,TO_IMPLEMENT,
TCS,E8,,(1),textLength,equal,10,TO_IMPLEMENT,
TCS,E9,,,textLength,equal,10,TO_IMPLEMENT,
TCS,I6,TCS.TotalTCS,(5),whole,,0,TO_IMPLEMENT,
TCS,I7,,(5),whole,,0,TO_IMPLEMENT,
TCS,I8,,(5),whole,,0,TO_IMPLEMENT,
TCS,I9,,,whole,,0,TO_IMPLEMENT,
Taxes Paid and Verification,I4,IncD.AdvanceTax,Total Advance Tax Paid (from item 21),whole,,0,TO_IMPLEMENT,
Taxes Paid and Verification,I5,IncD.TDS,Total TDS Claimed (Total from item 18 + item 19 + item 20),whole,,0,TO_IMPLEMENT,
Taxes Paid and Verification,I6,IncD.TCS,Total TCS Claimed (Total from item 22),whole,,0,TO_IMPLEMENT,
Taxes Paid and Verification,I7,IncD.SelfAssessmentTax,Total Self Assessment Tax Paid (from item 21),whole,,0,TO_IMPLEMENT,
Taxes Paid and Verification,I8,IncD.TotalTaxesPaid,Total Taxes Paid D12(a+b+c+d),whole,,0,TO_IMPLEMENT,
Taxes Paid and Verification,I9,IncD.BalTaxPayable,"Amount payable
(D11-D12) 
(if D11>D12)",whole,,0,TO_IMPLEMENT,
Taxes Paid and Verification,I10,IncD.RefundDue,"Refund 
(D12-D11)
 (if D12>D11)",whole,,0,TO_IMPLEMENT,
Taxes Paid and Verification,H11,IncD.BankAccountNumber,Enter your Bank Account number (Refund if any will directly credited into Bank Account),textLength,,1,TO_IMPLEMENT,
Taxes Paid and Verification,G12,IncD.MICRCode,IFS Code,textLength,equal,11,TO_IMPLEMENT,
Taxes Paid and Verification,I12,IncD.BankAccountType,IFS Code,list,,"""(Select),Savings,Current""",TO_IMPLEMENT,
Taxes Paid and Verification,H48,,Date (System Date),,equal,,TO_IMPLEMENT,
Taxes Paid and Verification,C59,Ver.IdentificationNoOfTRP,Identification No of TRP,textLength,lessThanOrEqual,10,TO_IMPLEMENT,
Taxes Paid and Verification,D59,,If the return has been prepared by a Tax Return Preparer (TRP) give further details as below:,textLength,lessThanOrEqual,10,TO_IMPLEMENT,
Taxes Paid and Verification,E59,,,textLength,lessThanOrEqual,10,TO_IMPLEMENT,
Taxes Paid and Verification,F59,,,textLength,lessThanOrEqual,10,TO_IMPLEMENT,
Taxes Paid and Verification,I60,Ver.ReImbFrmGov,"If TRP is entitled for any reimbursement from the Government, amount thereof (to be filled by TRP)",whole,,0,TO_IMPLEMENT,
Taxes Paid and Verification,G32,,IFS Code of the Bank,,equal,,TO_IMPLEMENT,
Taxes Paid and Verification,I13,,Exempt income (For reporting Purposes),whole,,0,TO_IMPLEMENT,
Taxes Paid and Verification,I28,NumBankAccountsHeld,Total number of savings and current bank accounts held by you at any time during the previous year (excluding dormant accounts).,whole,,1,TO_IMPLEMENT,
Taxes Paid and Verification,I43,Ver.FatherName,son/daughter of,textLength,lessThanOrEqual,125,TO_IMPLEMENT,
Taxes Paid and Verification,I48,Ver.Place,Place,textLength,lessThanOrEqual,50,TO_IMPLEMENT,
Taxes Paid and Verification,G59,Ver.NameOfTRP,Name of TRP,textLength,lessThanOrEqual,125,TO_IMPLEMENT,
Taxes Paid and Verification,H59,,,textLength,lessThanOrEqual,125,TO_IMPLEMENT,
Taxes Paid and Verification,G43,Ver.AssesseeVerName,"I, (full name in block letters),",textLength,lessThanOrEqual,125,TO_IMPLEMENT,
Taxes Paid and Verification,I24,,,whole,,0,TO_IMPLEMENT,
Taxes Paid and Verification,J20,,NA,whole,,0,TO_IMPLEMENT,
Taxes Paid and Verification,J21,,NA,whole,,0,TO_IMPLEMENT,
Taxes Paid and Verification,J22,,NA,whole,,0,TO_IMPLEMENT,
Taxes Paid and Verification,J23,,NA,whole,,0,TO_IMPLEMENT,
Taxes Paid and Verification,I19,EI.Sec10_34,NA,whole,,0,TO_IMPLEMENT,
Taxes Paid and Verification,I16,,Others,whole,,0,TO_IMPLEMENT,
Taxes Paid and Verification,J17,,Amount,textLength,lessThanOrEqual,75,TO_IMPLEMENT,
Taxes Paid and Verification,J18,,NA,textLength,lessThanOrEqual,75,TO_IMPLEMENT,
Taxes Paid and Verification,J19,,NA,textLength,lessThanOrEqual,75,TO_IMPLEMENT,
Taxes Paid and Verification,I20,,NA,whole,,0,TO_IMPLEMENT,
Taxes Paid and Verification,I21,,NA,whole,,0,TO_IMPLEMENT,
Taxes Paid and Verification,I22,,NA,whole,,0,TO_IMPLEMENT,
Taxes Paid and Verification,I23,,NA,whole,,0,TO_IMPLEMENT,
Taxes Paid and Verification,I18,ExcempIncome,NA,whole,,0,TO_IMPLEMENT,
Taxes Paid and Verification,I27,Sheet9.IBANSELECT,Do you have a bank account in India (Non-residents claiming refund with no bank account in India may select NO)?,list,,"""(Select),YES,NO""",TO_IMPLEMENT,
Taxes Paid and Verification,G47,,this return and verify it.,,equal,,TO_IMPLEMENT,
Taxes Paid and Verification,H46,Ver.capacity,"of the Income-tax Act, 1961.  I further declare that I am making this return in my capacity as",list,lessThanOrEqual,"IF(age,Capacitym,Capacity)",TO_IMPLEMENT,
Taxes Paid and Verification,J55,,,whole,,0,TO_IMPLEMENT,
Taxes Paid and Verification,H50,,Identification No. of TRP,textLength,lessThanOrEqual,125,TO_IMPLEMENT,
Taxes Paid and Verification,G50,Sheet2.IdentificationNoOfTRP,Identification No. of TRP,textLength,lessThanOrEqual,10,TO_IMPLEMENT,
Taxes Paid and Verification,G20,,Sec.10(34) (Exempted Dividend Income),list,lessThanOrEqual, PART_Nature,TO_IMPLEMENT,
Taxes Paid and Verification,G21,,(Select),list,lessThanOrEqual, PART_Nature,TO_IMPLEMENT,
Taxes Paid and Verification,G22,,(Select),list,lessThanOrEqual, PART_Nature,TO_IMPLEMENT,
Taxes Paid and Verification,G23,,(Select),list,lessThanOrEqual, PART_Nature,TO_IMPLEMENT,
Taxes Paid and Verification,H20,,(Select),textLength,lessThanOrEqual,125,TO_IMPLEMENT,
Taxes Paid and Verification,H21,,(Select),textLength,lessThanOrEqual,125,TO_IMPLEMENT,
Taxes Paid and Verification,H22,,(Select),textLength,lessThanOrEqual,125,TO_IMPLEMENT,
Taxes Paid and Verification,H23,,(Select),textLength,lessThanOrEqual,125,TO_IMPLEMENT,
Taxes Paid and Verification,H51,Sheet2.ReImbFrmGov,"If TRP is entitled for any reimbursement from the Government, amount thereof",whole,,0,TO_IMPLEMENT,
Taxes Paid and Verification,I51,,"If TRP is entitled for any reimbursement from the Government, amount thereof",whole,,0,TO_IMPLEMENT,
Taxes Paid and Verification,I50,Sheet2.NameOfTRP,NAME OF TRP,textLength,lessThanOrEqual,125,TO_IMPLEMENT,
Taxes Paid and Verification,H47,Ver.PAN,I am holding Permanent Account Number,textLength,equal,10,TO_IMPLEMENT,
Taxes Paid and Verification,I47,,I am holding Permanent Account Number,,lessThanOrEqual,,TO_IMPLEMENT,
Taxes Paid and Verification,F33,SchBA.IFSC,IFS Code of the Bank,textLength,equal,11,TO_IMPLEMENT,
Taxes Paid and Verification,F34,,IFS Code of the Bank,textLength,equal,11,TO_IMPLEMENT,
Taxes Paid and Verification,H33,SchBA.AcntNo,Account Number,textLength,,1,TO_IMPLEMENT,
Taxes Paid and Verification,H34,,Account Number,textLength,,1,TO_IMPLEMENT,
Taxes Paid and Verification,G33,SchBA.BankName,Name of the Bank,textLength,lessThanOrEqual,125,TO_IMPLEMENT,
Taxes Paid and Verification,G34,,Name of the Bank,textLength,lessThanOrEqual,125,TO_IMPLEMENT,
Taxes Paid and Verification,I33,SchBA.AcntType,Type of account,list,,"""(Select),Savings Account,Current Account,Cash Credit Account,Over draft account,Non Resident Account,Other""",TO_IMPLEMENT,
Taxes Paid and Verification,I34,,Type of account,list,,"""(Select),Savings Account,Current Account,Cash Credit Account,Over draft account,Non Resident Account,Other""",TO_IMPLEMENT,
Taxes Paid and Verification,J33,SchBA.CheckBox,Select Account for Refund Credit,,,,TO_IMPLEMENT,
Taxes Paid and Verification,J34,,Select Account for Refund Credit,,,,TO_IMPLEMENT,
